
$CV1,1133,38052,0,-1,0.0,0.0,0.0,0.000000,0.000000,0.000000*04
$CV1,1134,38083,0,-1,0.0,0.0,0.0,0.000000,0.000000,0.000000*0F
$CV1,1135,38114,0,-1,0.0,0.0,0.0,0.000000,0.000000,0.000000*01
$CV1,1136,38144,0,-1,0.0,0.0,0.0,0.000000,0.000000,0.000000*07
$CV1,1137,38176,0,-1,0.0,0.0,0.0,0.000000,0.000000,0.000000*07
$CV1,1138,38209,0,-1,0.0,0.0,0.0,0.000000,0.000000,0.000000*03
$CV1,1139,38256,0,-1,0.0,0.0,0.0,0.000000,0.000000,0.000000*08
$CV1,1140,38288,0,-1,0.0,0.0,0.0,0.000000,0.000000,0.000000*05
$CV1,1141,38319,0,-1,0.0,0.0,0.0,0.000000,0.000000,0.000000*0D
$CV1,1142,38352,0,-1,0.0,0.0,0.0,0.000000,0.000000,0.000000*01
$CV1,1143,38383,0,-1,0.0,0.0,0.0,0.000000,0.000000,0.000000*0C
$CV1,1144,38415,0,-1,0.0,0.0,0.0,0.000000,0.000000,0.000000*03
$CV1,1145,38447,0,-1,0.0,0.0,0.0,0.000000,0.000000,0.000000*05
$CV1,1146,38477,0,-1,0.0,0.0,0.0,0.000000,0.000000,0.000000*05
$CV1,0,167,0,-1,0.0,0.0,0.0,0.000000,0.000000,0.000000*38
$CV1,1,263,0,-1,0.0,0.0,0.0,0.000000,0.000000,0.000000*3E
$CV1,2,282,0,-1,0.0,0.0,0.0,0.000000,0.000000,0.000000*32
$CV1,3,309,0,-1,0.0,0.0,0.0,0.000000,0.000000,0.000000*31
$CV1,4,340,0,-1,0.0,0.0,0.0,0.000000,0.000000,0.000000*3B
$CV1,5,371,0,-1,0.0,0.0,0.0,0.000000,0.000000,0.000000*38
$CV1,6,402,0,-1,0.0,0.0,0.0,0.000000,0.000000,0.000000*38
$CV1,7,434,0,-1,0.0,0.0,0.0,0.000000,0.000000,0.000000*3C
$CV1,8,465,0,-1,0.0,0.0,0.0,0.000000,0.000000,0.000000*37
$CV1,9,497,0,-1,0.0,0.0,0.0,0.000000,0.000000,0.000000*3B
$CV1,10,545,0,-1,0.0,0.0,0.0,0.000000,0.000000,0.000000*0D
$CV1,11,577,0,-1,0.0,0.0,0.0,0.000000,0.000000,0.000000*0D
$CV1,12,610,0,-1,0.0,0.0,0.0,0.000000,0.000000,0.000000*0C
$CV1,13,641,0,-1,0.0,0.0,0.0,0.000000,0.000000,0.000000*09
$CV1,14,671,0,-1,0.0,0.0,0.0,0.000000,0.000000,0.000000*0D
$CV1,15,703,0,-1,0.0,0.0,0.0,0.000000,0.000000,0.000000*08
$CV1,16,735,0,-1,0.0,0.0,0.0,0.000000,0.000000,0.000000*0E
$CV1,17,767,0,-1,0.0,0.0,0.0,0.000000,0.000000,0.000000*08
$CV1,18,799,0,-1,0.0,0.0,0.0,0.000000,0.000000,0.000000*06
$CV1,19,832,0,-1,0.0,0.0,0.0,0.000000,0.000000,0.000000*09
$CV1,20,863,0,-1,0.0,0.0,0.0,0.000000,0.000000,0.000000*07
$CV1,21,894,0,-1,0.0,0.0,0.0,0.000000,0.000000,0.000000*0E
$CV1,22,943,0,-1,0.0,0.0,0.0,0.000000,0.000000,0.000000*06
$CV1,23,975,0,-1,0.0,0.0,0.0,0.000000,0.000000,0.000000*02
$CV1,24,1005,0,-1,0.0,0.0,0.0,0.000000,0.000000,0.000000*3A
$CV1,25,1038,0,-1,0.0,0.0,0.0,0.000000,0.000000,0.000000*35
$CV1,26,1069,0,-1,0.0,0.0,0.0,0.000000,0.000000,0.000000*32
$CV1,27,1103,0,-1,0.0,0.0,0.0,0.000000,0.000000,0.000000*3E
$CV1,28,1133,0,-1,0.0,0.0,0.0,0.000000,0.000000,0.000000*32
$CV1,29,1166,0,-1,0.0,0.0,0.0,0.000000,0.000000,0.000000*33
$CV1,30,1198,0,-1,0.0,0.0,0.0,0.000000,0.000000,0.000000*3A
$CV1,31,1229,0,-1,0.0,0.0,0.0,0.000000,0.000000,0.000000*32
$CV1,32,1262,0,-1,0.0,0.0,0.0,0.000000,0.000000,0.000000*3E
$CV1,33,1293,0,-1,0.0,0.0,0.0,0.000000,0.000000,0.000000*31
$CV1,34,1342,0,-1,0.0,0.0,0.0,0.000000,0.000000,0.000000*3B
$CV1,35,1374,0,-1,0.0,0.0,0.0,0.000000,0.000000,0.000000*3F
$CV1,36,1406,0,-1,0.0,0.0,0.0,0.000000,0.000000,0.000000*3E
$CV1,37,1438,0,-1,0.0,0.0,0.0,0.000000,0.000000,0.000000*32
$CV1,38,1470,0,-1,0.0,0.0,0.0,0.000000,0.000000,0.000000*31
$CV1,39,1502,0,-1,0.0,0.0,0.0,0.000000,0.000000,0.000000*34
$CV1,40,1533,0,-1,0.0,0.0,0.0,0.000000,0.000000,0.000000*38
$CV1,41,1567,0,-1,0.0,0.0,0.0,0.000000,0.000000,0.000000*38
$CV1,42,1599,0,-1,0.0,0.0,0.0,0.000000,0.000000,0.000000*3A
$CV1,43,1629,0,-1,0.0,0.0,0.0,0.000000,0.000000,0.000000*33
$CV1,44,1662,0,-1,0.0,0.0,0.0,0.000000,0.000000,0.000000*3B
$CV1,45,1710,0,-1,0.0,0.0,0.0,0.000000,0.000000,0.000000*3E
$CV1,46,1743,0,-1,0.0,0.0,0.0,0.000000,0.000000,0.000000*3B
$CV1,47,1774,0,-1,0.0,0.0,0.0,0.000000,0.000000,0.000000*3E
$CV1,48,1807,0,-1,0.0,0.0,0.0,0.000000,0.000000,0.000000*3A
$CV1,49,1838,0,-1,0.0,0.0,0.0,0.000000,0.000000,0.000000*37
$CV1,50,1870,0,-1,0.0,0.0,0.0,0.000000,0.000000,0.000000*33
$CV1,51,1902,0,-1,0.0,0.0,0.0,0.000000,0.000000,0.000000*36
$CV1,52,1935,0,-1,0.0,0.0,0.0,0.000000,0.000000,0.000000*31
$CV1,53,1967,0,-1,0.0,0.0,0.0,0.000000,0.000000,0.000000*37
$CV1,54,1997,0,-1,0.0,0.0,0.0,0.000000,0.000000,0.000000*3F
$CV1,55,2031,0,-1,0.0,0.0,0.0,0.000000,0.000000,0.000000*38
$CV1,56,2062,0,-1,0.0,0.0,0.0,0.000000,0.000000,0.000000*3D
$CV1,57,2110,0,-1,0.0,0.0,0.0,0.000000,0.000000,0.000000*38
$CV1,58,2141,0,-1,0.0,0.0,0.0,0.000000,0.000000,0.000000*33
$CV1,59,2174,0,-1,0.0,0.0,0.0,0.000000,0.000000,0.000000*34
$CV1,60,2205,0,-1,0.0,0.0,0.0,0.000000,0.000000,0.000000*3B
$CV1,61,2237,0,-1,0.0,0.0,0.0,0.000000,0.000000,0.000000*3B
$CV1,62,2270,0,-1,0.0,0.0,0.0,0.000000,0.000000,0.000000*3B
$CV1,63,2302,0,-1,0.0,0.0,0.0,0.000000,0.000000,0.000000*3E
$CV1,64,2335,0,-1,0.0,0.0,0.0,0.000000,0.000000,0.000000*3D
$CV1,65,2366,0,-1,0.0,0.0,0.0,0.000000,0.000000,0.000000*3A
$CV1,66,2399,0,-1,0.0,0.0,0.0,0.000000,0.000000,0.000000*39
$CV1,67,2430,0,-1,0.0,0.0,0.0,0.000000,0.000000,0.000000*3C
$CV1,68,2465,0,-1,0.0,0.0,0.0,0.000000,0.000000,0.000000*33
$CV1,69,2512,0,-1,0.0,0.0,0.0,0.000000,0.000000,0.000000*33
$CV1,70,2544,0,-1,0.0,0.0,0.0,0.000000,0.000000,0.000000*38
$CV1,71,2578,0,-1,0.0,0.0,0.0,0.000000,0.000000,0.000000*36
$CV1,72,2608,0,-1,0.0,0.0,0.0,0.000000,0.000000,0.000000*31
$CV1,73,2640,0,-1,0.0,0.0,0.0,0.000000,0.000000,0.000000*3C
$CV1,74,2671,0,-1,0.0,0.0,0.0,0.000000,0.000000,0.000000*39
$CV1,75,2703,0,-1,0.0,0.0,0.0,0.000000,0.000000,0.000000*3C
$CV1,76,2735,0,-1,0.0,0.0,0.0,0.000000,0.000000,0.000000*3A
$CV1,77,2765,0,-1,0.0,0.0,0.0,0.000000,0.000000,0.000000*3E
$CV1,78,2796,0,-1,0.0,0.0,0.0,0.000000,0.000000,0.000000*3D
$CV1,79,2828,0,-1,0.0,0.0,0.0,0.000000,0.000000,0.000000*36
$CV1,80,2873,0,-1,0.0,0.0,0.0,0.000000,0.000000,0.000000*3E
$CV1,81,2904,0,-1,0.0,0.0,0.0,0.000000,0.000000,0.000000*3E
$CV1,82,2936,0,-1,0.0,0.0,0.0,0.000000,0.000000,0.000000*3C
$CV1,83,2969,0,-1,0.0,0.0,0.0,0.000000,0.000000,0.000000*37
$CV1,84,3001,0,-1,0.0,0.0,0.0,0.000000,0.000000,0.000000*36
$CV1,85,3032,0,-1,0.0,0.0,0.0,0.000000,0.000000,0.000000*37
$CV1,86,3063,0,-1,0.0,0.0,0.0,0.000000,0.000000,0.000000*30
$CV1,87,3096,0,-1,0.0,0.0,0.0,0.000000,0.000000,0.000000*3B
$CV1,88,3129,0,-1,0.0,0.0,0.0,0.000000,0.000000,0.000000*31
$CV1,89,3160,0,-1,0.0,0.0,0.0,0.000000,0.000000,0.000000*3D
$CV1,90,3193,0,-1,0.0,0.0,0.0,0.000000,0.000000,0.000000*39
$CV1,91,3224,0,-1,0.0,0.0,0.0,0.000000,0.000000,0.000000*37
$CV1,92,3272,0,-1,0.0,0.0,0.0,0.000000,0.000000,0.000000*37
$CV1,93,3305,0,-1,0.0,0.0,0.0,0.000000,0.000000,0.000000*37
$CV1,94,3337,0,-1,0.0,0.0,0.0,0.000000,0.000000,0.000000*31
$CV1,95,3368,0,-1,0.0,0.0,0.0,0.000000,0.000000,0.000000*3A
$CV1,96,3399,0,-1,0.0,0.0,0.0,0.000000,0.000000,0.000000*37
$CV1,97,3431,0,-1,0.0,0.0,0.0,0.000000,0.000000,0.000000*33
$CV1,98,3463,0,-1,0.0,0.0,0.0,0.000000,0.000000,0.000000*3B
$CV1,99,3497,0,-1,0.0,0.0,0.0,0.000000,0.000000,0.000000*31
$CV1,100,3528,0,-1,0.0,0.0,0.0,0.000000,0.000000,0.000000*05
$CV1,101,3560,0,-1,0.0,0.0,0.0,0.000000,0.000000,0.000000*08
$CV1,102,3592,0,-1,0.0,0.0,0.0,0.000000,0.000000,0.000000*06
$CV1,103,3624,0,-1,0.0,0.0,0.0,0.000000,0.000000,0.000000*09
$CV1,104,3672,0,-1,0.0,0.0,0.0,0.000000,0.000000,0.000000*0D
$CV1,105,3704,0,-1,0.0,0.0,0.0,0.000000,0.000000,0.000000*0C
$CV1,106,3736,0,-1,0.0,0.0,0.0,0.000000,0.000000,0.000000*0E
$CV1,107,3769,0,-1,0.0,0.0,0.0,0.000000,0.000000,0.000000*05
$CV1,108,3800,0,-1,0.0,0.0,0.0,0.000000,0.000000,0.000000*0A
$CV1,109,3832,0,-1,0.0,0.0,0.0,0.000000,0.000000,0.000000*0A
$CV1,110,3863,0,-1,0.0,0.0,0.0,0.000000,0.000000,0.000000*06
$CV1,111,3897,0,-1,0.0,0.0,0.0,0.000000,0.000000,0.000000*0C
$CV1,112,3928,0,-1,0.0,0.0,0.0,0.000000,0.000000,0.000000*0A
$CV1,113,3960,0,-1,0.0,0.0,0.0,0.000000,0.000000,0.000000*07
$CV1,114,3991,0,-1,0.0,0.0,0.0,0.000000,0.000000,0.000000*0E
$CV1,115,4024,0,-1,0.0,0.0,0.0,0.000000,0.000000,0.000000*0F
$CV1,116,4072,0,-1,0.0,0.0,0.0,0.000000,0.000000,0.000000*0F
$CV1,117,4104,0,-1,0.0,0.0,0.0,0.000000,0.000000,0.000000*0E
$CV1,118,4136,0,-1,0.0,0.0,0.0,0.000000,0.000000,0.000000*00
$CV1,119,4168,0,-1,0.0,0.0,0.0,0.000000,0.000000,0.000000*0A
$CV1,120,4200,0,-1,0.0,0.0,0.0,0.000000,0.000000,0.000000*0D
$CV1,121,4233,0,-1,0.0,0.0,0.0,0.000000,0.000000,0.000000*0C
$CV1,122,4265,0,-1,0.0,0.0,0.0,0.000000,0.000000,0.000000*0C
$CV1,123,4297,0,-1,0.0,0.0,0.0,0.000000,0.000000,0.000000*00
$CV1,124,4329,0,-1,0.0,0.0,0.0,0.000000,0.000000,0.000000*03
$CV1,125,4361,0,-1,0.0,0.0,0.0,0.000000,0.000000,0.000000*0E
$CV1,126,4392,0,-1,0.0,0.0,0.0,0.000000,0.000000,0.000000*01
$CV1,127,4441,0,-1,0.0,0.0,0.0,0.000000,0.000000,0.000000*09
$CV1,128,4473,0,-1,0.0,0.0,0.0,0.000000,0.000000,0.000000*07
$CV1,129,4505,0,-1,0.0,0.0,0.0,0.000000,0.000000,0.000000*06
$CV1,130,4537,0,-1,0.0,0.0,0.0,0.000000,0.000000,0.000000*0F
$CV1,131,4569,0,-1,0.0,0.0,0.0,0.000000,0.000000,0.000000*05
$CV1,132,4602,0,-1,0.0,0.0,0.0,0.000000,0.000000,0.000000*08
$CV1,133,4633,0,-1,0.0,0.0,0.0,0.000000,0.000000,0.000000*0B
$CV1,134,4666,0,-1,0.0,0.0,0.0,0.000000,0.000000,0.000000*0C
$CV1,135,4697,0,-1,0.0,0.0,0.0,0.000000,0.000000,0.000000*03
$CV1,136,4729,0,-1,0.0,0.0,0.0,0.000000,0.000000,0.000000*04
$CV1,137,4762,0,-1,0.0,0.0,0.0,0.000000,0.000000,0.000000*0A
$CV1,138,4794,0,-1,0.0,0.0,0.0,0.000000,0.000000,0.000000*0C
$CV1,139,4842,0,-1,0.0,0.0,0.0,0.000000,0.000000,0.000000*09
$CV1,140,4873,0,-1,0.0,0.0,0.0,0.000000,0.000000,0.000000*05
$CV1,141,4905,0,-1,0.0,0.0,0.0,0.000000,0.000000,0.000000*04
$CV1,142,4938,0,-1,0.0,0.0,0.0,0.000000,0.000000,0.000000*09
$CV1,143,4969,0,-1,0.0,0.0,0.0,0.000000,0.000000,0.000000*0C
$CV1,144,5001,0,-1,0.0,0.0,0.0,0.000000,0.000000,0.000000*0D
$CV1,145,5033,0,-1,0.0,0.0,0.0,0.000000,0.000000,0.000000*0D
$CV1,146,5067,0,-1,0.0,0.0,0.0,0.000000,0.000000,0.000000*0F
$CV1,147,5096,0,-1,0.0,0.0,0.0,0.000000,0.000000,0.000000*00
$CV1,148,5128,0,-1,0.0,0.0,0.0,0.000000,0.000000,0.000000*0B
$CV1,149,5161,0,-1,0.0,0.0,0.0,0.000000,0.000000,0.000000*07
$CV1,150,5193,0,-1,0.0,0.0,0.0,0.000000,0.000000,0.000000*02
$CV1,151,5242,0,-1,0.0,0.0,0.0,0.000000,0.000000,0.000000*0C
$CV1,152,5272,0,-1,0.0,0.0,0.0,0.000000,0.000000,0.000000*0C
$CV1,153,5304,0,-1,0.0,0.0,0.0,0.000000,0.000000,0.000000*0D
$CV1,154,5337,0,-1,0.0,0.0,0.0,0.000000,0.000000,0.000000*0A
$CV1,155,5368,0,-1,0.0,0.0,0.0,0.000000,0.000000,0.000000*01
$CV1,156,5400,0,-1,0.0,0.0,0.0,0.000000,0.000000,0.000000*0B
$CV1,157,5432,0,-1,0.0,0.0,0.0,0.000000,0.000000,0.000000*0B
$CV1,158,5464,0,-1,0.0,0.0,0.0,0.000000,0.000000,0.000000*07
$CV1,159,5497,0,-1,0.0,0.0,0.0,0.000000,0.000000,0.000000*0A
$CV1,160,5528,0,-1,0.0,0.0,0.0,0.000000,0.000000,0.000000*05
$CV1,161,5560,0,-1,0.0,0.0,0.0,0.000000,0.000000,0.000000*08
$CV1,162,5591,0,-1,0.0,0.0,0.0,0.000000,0.000000,0.000000*05
$CV1,163,5640,0,-1,0.0,0.0,0.0,0.000000,0.000000,0.000000*0B
$CV1,164,5672,0,-1,0.0,0.0,0.0,0.000000,0.000000,0.000000*0D
$CV1,165,5704,0,-1,0.0,0.0,0.0,0.000000,0.000000,0.000000*0C
$CV1,166,5736,0,-1,0.0,0.0,0.0,0.000000,0.000000,0.000000*0E
$CV1,167,5769,0,-1,0.0,0.0,0.0,0.000000,0.000000,0.000000*05
$CV1,168,5800,0,-1,0.0,0.0,0.0,0.000000,0.000000,0.000000*0A
$CV1,169,5832,0,-1,0.0,0.0,0.0,0.000000,0.000000,0.000000*0A
$CV1,170,5863,0,-1,0.0,0.0,0.0,0.000000,0.000000,0.000000*06
$CV1,171,5896,0,-1,0.0,0.0,0.0,0.000000,0.000000,0.000000*0D
$CV1,172,5927,0,-1,0.0,0.0,0.0,0.000000,0.000000,0.000000*05
$CV1,173,5960,0,-1,0.0,0.0,0.0,0.000000,0.000000,0.000000*07
$CV1,174,6008,0,-1,0.0,0.0,0.0,0.000000,0.000000,0.000000*04
$CV1,175,6040,0,-1,0.0,0.0,0.0,0.000000,0.000000,0.000000*09
$CV1,176,6073,0,-1,0.0,0.0,0.0,0.000000,0.000000,0.000000*0A
$CV1,177,6104,0,-1,0.0,0.0,0.0,0.000000,0.000000,0.000000*0A
$CV1,178,6136,0,-1,0.0,0.0,0.0,0.000000,0.000000,0.000000*04
$CV1,179,6169,0,-1,0.0,0.0,0.0,0.000000,0.000000,0.000000*0F
$CV1,180,6200,0,-1,0.0,0.0,0.0,0.000000,0.000000,0.000000*05
$CV1,181,6233,0,-1,0.0,0.0,0.0,0.000000,0.000000,0.000000*04
$CV1,182,6266,0,-1,0.0,0.0,0.0,0.000000,0.000000,0.000000*07
$CV1,183,6297,0,-1,0.0,0.0,0.0,0.000000,0.000000,0.000000*08
$CV1,184,6329,0,-1,0.0,0.0,0.0,0.000000,0.000000,0.000000*0B
$CV1,185,6360,0,-1,0.0,0.0,0.0,0.000000,0.000000,0.000000*07
$CV1,186,6409,0,-1,0.0,0.0,0.0,0.000000,0.000000,0.000000*0C
$CV1,187,6440,0,-1,0.0,0.0,0.0,0.000000,0.000000,0.000000*00
$CV1,188,6473,0,-1,0.0,0.0,0.0,0.000000,0.000000,0.000000*0F
$CV1,189,6505,0,-1,0.0,0.0,0.0,0.000000,0.000000,0.000000*0E
$CV1,190,6536,0,-1,0.0,0.0,0.0,0.000000,0.000000,0.000000*06
$CV1,191,6569,0,-1,0.0,0.0,0.0,0.000000,0.000000,0.000000*0D
$CV1,192,6600,0,-1,0.0,0.0,0.0,0.000000,0.000000,0.000000*02
$CV1,193,6633,0,-1,0.0,0.0,0.0,0.000000,0.000000,0.000000*03
$CV1,194,6664,0,-1,0.0,0.0,0.0,0.000000,0.000000,0.000000*06
$CV1,195,6710,0,-1,0.0,0.0,0.0,0.000000,0.000000,0.000000*05
$CV1,196,6730,0,-1,0.0,0.0,0.0,0.000000,0.000000,0.000000*04
$CV1,197,6761,0,-1,0.0,0.0,0.0,0.000000,0.000000,0.000000*01
$CV1,198,6808,0,-1,0.0,0.0,0.0,0.000000,0.000000,0.000000*0E
$CV1,199,6841,0,-1,0.0,0.0,0.0,0.000000,0.000000,0.000000*02
$CV1,200,6874,0,-1,0.0,0.0,0.0,0.000000,0.000000,0.000000*07
$CV1,201,6904,0,-1,0.0,0.0,0.0,0.000000,0.000000,0.000000*00
$CV1,202,6937,0,-1,0.0,0.0,0.0,0.000000,0.000000,0.000000*03
$CV1,203,6969,0,-1,0.0,0.0,0.0,0.000000,0.000000,0.000000*09
$CV1,204,7001,0,-1,0.0,0.0,0.0,0.000000,0.000000,0.000000*08
$CV1,205,7033,0,-1,0.0,0.0,0.0,0.000000,0.000000,0.000000*08
$CV1,206,7064,0,-1,0.0,0.0,0.0,0.000000,0.000000,0.000000*09
$CV1,207,7097,0,-1,0.0,0.0,0.0,0.000000,0.000000,0.000000*04
$CV1,208,7129,0,-1,0.0,0.0,0.0,0.000000,0.000000,0.000000*0F
$CV1,209,7176,0,-1,0.0,0.0,0.0,0.000000,0.000000,0.000000*04
$CV1,210,7209,0,-1,0.0,0.0,0.0,0.000000,0.000000,0.000000*07
$CV1,211,7241,0,-1,0.0,0.0,0.0,0.000000,0.000000,0.000000*0A
$CV1,212,7273,0,-1,0.0,0.0,0.0,0.000000,0.000000,0.000000*08
$CV1,213,7306,0,-1,0.0,0.0,0.0,0.000000,0.000000,0.000000*0A
$CV1,214,7338,0,-1,0.0,0.0,0.0,0.000000,0.000000,0.000000*00
$CV1,215,7369,0,-1,0.0,0.0,0.0,0.000000,0.000000,0.000000*05
$CV1,216,7402,0,-1,0.0,0.0,0.0,0.000000,0.000000,0.000000*0C
$CV1,217,7434,0,-1,0.0,0.0,0.0,0.000000,0.000000,0.000000*08
$CV1,218,7465,0,-1,0.0,0.0,0.0,0.000000,0.000000,0.000000*03
$CV1,219,7497,0,-1,0.0,0.0,0.0,0.000000,0.000000,0.000000*0F
$CV1,220,7529,0,-1,0.0,0.0,0.0,0.000000,0.000000,0.000000*01
$CV1,221,7578,0,-1,0.0,0.0,0.0,0.000000,0.000000,0.000000*04
$CV1,222,7610,0,-1,0.0,0.0,0.0,0.000000,0.000000,0.000000*0A
$CV1,223,7641,0,-1,0.0,0.0,0.0,0.000000,0.000000,0.000000*0F
$CV1,224,7673,0,-1,0.0,0.0,0.0,0.000000,0.000000,0.000000*09
$CV1,225,7705,0,-1,0.0,0.0,0.0,0.000000,0.000000,0.000000*08
$CV1,226,7738,0,-1,0.0,0.0,0.0,0.000000,0.000000,0.000000*05
$CV1,227,7769,0,-1,0.0,0.0,0.0,0.000000,0.000000,0.000000*00
$CV1,228,7801,0,-1,0.0,0.0,0.0,0.000000,0.000000,0.000000*0E
$CV1,229,7832,0,-1,0.0,0.0,0.0,0.000000,0.000000,0.000000*0F
$CV1,230,7864,0,-1,0.0,0.0,0.0,0.000000,0.000000,0.000000*04
$CV1,231,7897,0,-1,0.0,0.0,0.0,0.000000,0.000000,0.000000*09
$CV1,232,7929,0,-1,0.0,0.0,0.0,0.000000,0.000000,0.000000*0E
$CV1,233,7978,0,-1,0.0,0.0,0.0,0.000000,0.000000,0.000000*0B
$CV1,234,8009,0,-1,0.0,0.0,0.0,0.000000,0.000000,0.000000*0C
$CV1,235,8042,0,-1,0.0,0.0,0.0,0.000000,0.000000,0.000000*02
$CV1,236,8074,0,-1,0.0,0.0,0.0,0.000000,0.000000,0.000000*04
$CV1,237,8106,0,-1,0.0,0.0,0.0,0.000000,0.000000,0.000000*01
$CV1,238,8137,0,-1,0.0,0.0,0.0,0.000000,0.000000,0.000000*0C
$CV1,239,8168,0,-1,0.0,0.0,0.0,0.000000,0.000000,0.000000*07
$CV1,240,8202,0,-1,0.0,0.0,0.0,0.000000,0.000000,0.000000*06
$CV1,241,8234,0,-1,0.0,0.0,0.0,0.000000,0.000000,0.000000*02
$CV1,242,8266,0,-1,0.0,0.0,0.0,0.000000,0.000000,0.000000*06
$CV1,243,8298,0,-1,0.0,0.0,0.0,0.000000,0.000000,0.000000*06
$CV1,244,8330,0,-1,0.0,0.0,0.0,0.000000,0.000000,0.000000*02
$CV1,245,8379,0,-1,0.0,0.0,0.0,0.000000,0.000000,0.000000*0E
$CV1,246,8410,0,-1,0.0,0.0,0.0,0.000000,0.000000,0.000000*05
$CV1,247,8442,0,-1,0.0,0.0,0.0,0.000000,0.000000,0.000000*03
$CV1,248,8472,0,-1,0.0,0.0,0.0,0.000000,0.000000,0.000000*0F
$CV1,249,8505,0,-1,0.0,0.0,0.0,0.000000,0.000000,0.000000*0F
$CV1,250,8537,0,-1,0.0,0.0,0.0,0.000000,0.000000,0.000000*06
$CV1,251,8570,0,-1,0.0,0.0,0.0,0.000000,0.000000,0.000000*04
$CV1,252,8603,0,-1,0.0,0.0,0.0,0.000000,0.000000,0.000000*00
$CV1,253,8633,0,-1,0.0,0.0,0.0,0.000000,0.000000,0.000000*02
$CV1,254,8665,0,-1,0.0,0.0,0.0,0.000000,0.000000,0.000000*06
$CV1,255,8697,0,-1,0.0,0.0,0.0,0.000000,0.000000,0.000000*0A
$CV1,256,8746,0,-1,0.0,0.0,0.0,0.000000,0.000000,0.000000*04
$CV1,257,8777,0,-1,0.0,0.0,0.0,0.000000,0.000000,0.000000*07
$CV1,258,8809,0,-1,0.0,0.0,0.0,0.000000,0.000000,0.000000*0E
$CV1,259,8842,0,-1,0.0,0.0,0.0,0.000000,0.000000,0.000000*00
$CV1,260,8874,0,-1,0.0,0.0,0.0,0.000000,0.000000,0.000000*0F
$CV1,261,8905,0,-1,0.0,0.0,0.0,0.000000,0.000000,0.000000*09
$CV1,262,8939,0,-1,0.0,0.0,0.0,0.000000,0.000000,0.000000*05
$CV1,263,8970,0,-1,0.0,0.0,0.0,0.000000,0.000000,0.000000*09
$CV1,264,9002,0,-1,0.0,0.0,0.0,0.000000,0.000000,0.000000*03
$CV1,265,9034,0,-1,0.0,0.0,0.0,0.000000,0.000000,0.000000*07
$CV1,266,9066,0,-1,0.0,0.0,0.0,0.000000,0.000000,0.000000*03
$CV1,267,9097,0,-1,0.0,0.0,0.0,0.000000,0.000000,0.000000*0C
$CV1,268,9145,0,-1,0.0,0.0,0.0,0.000000,0.000000,0.000000*0D
$CV1,269,9178,0,-1,0.0,0.0,0.0,0.000000,0.000000,0.000000*02
$CV1,270,9210,0,-1,0.0,0.0,0.0,0.000000,0.000000,0.000000*07
$CV1,271,9242,0,-1,0.0,0.0,0.0,0.000000,0.000000,0.000000*01
$CV1,272,9275,0,-1,0.0,0.0,0.0,0.000000,0.000000,0.000000*06
$CV1,273,9306,0,-1,0.0,0.0,0.0,0.000000,0.000000,0.000000*02
$CV1,274,9337,0,-1,0.0,0.0,0.0,0.000000,0.000000,0.000000*07
$CV1,275,9370,0,-1,0.0,0.0,0.0,0.000000,0.000000,0.000000*05
$CV1,276,9402,0,-1,0.0,0.0,0.0,0.000000,0.000000,0.000000*04
$CV1,277,9434,0,-1,0.0,0.0,0.0,0.000000,0.000000,0.000000*00
$CV1,278,9467,0,-1,0.0,0.0,0.0,0.000000,0.000000,0.000000*09
$CV1,279,9500,0,-1,0.0,0.0,0.0,0.000000,0.000000,0.000000*08
$CV1,280,9546,0,-1,0.0,0.0,0.0,0.000000,0.000000,0.000000*0C
$CV1,281,9578,0,-1,0.0,0.0,0.0,0.000000,0.000000,0.000000*00
$CV1,282,9611,0,-1,0.0,0.0,0.0,0.000000,0.000000,0.000000*0F
$CV1,283,9642,0,-1,0.0,0.0,0.0,0.000000,0.000000,0.000000*08
$CV1,284,9674,0,-1,0.0,0.0,0.0,0.000000,0.000000,0.000000*0A
$CV1,285,9704,0,-1,0.0,0.0,0.0,0.000000,0.000000,0.000000*0D
$CV1,286,9738,0,-1,0.0,0.0,0.0,0.000000,0.000000,0.000000*01
$CV1,287,9770,0,-1,0.0,0.0,0.0,0.000000,0.000000,0.000000*0C
$CV1,288,9801,0,-1,0.0,0.0,0.0,0.000000,0.000000,0.000000*0A
$CV1,289,9834,0,-1,0.0,0.0,0.0,0.000000,0.000000,0.000000*0D
$CV1,290,9864,0,-1,0.0,0.0,0.0,0.000000,0.000000,0.000000*00
$CV1,291,9899,0,-1,0.0,0.0,0.0,0.000000,0.000000,0.000000*03
$CV1,292,9945,0,-1,0.0,0.0,0.0,0.000000,0.000000,0.000000*00
$CV1,293,9978,0,-1,0.0,0.0,0.0,0.000000,0.000000,0.000000*0F
$CV1,294,10010,0,-1,0.0,0.0,0.0,0.000000,0.000000,0.000000*37
$CV1,295,10040,0,-1,0.0,0.0,0.0,0.000000,0.000000,0.000000*33
$CV1,296,10073,0,-1,0.0,0.0,0.0,0.000000,0.000000,0.000000*30
$CV1,297,10104,0,-1,0.0,0.0,0.0,0.000000,0.000000,0.000000*30
$CV1,298,10138,0,-1,0.0,0.0,0.0,0.000000,0.000000,0.000000*30
$CV1,299,10168,0,-1,0.0,0.0,0.0,0.000000,0.000000,0.000000*34
$CV1,300,10201,0,-1,0.0,0.0,0.0,0.000000,0.000000,0.000000*39
$CV1,301,10234,0,-1,0.0,0.0,0.0,0.000000,0.000000,0.000000*3E
$CV1,302,10267,0,-1,0.0,0.0,0.0,0.000000,0.000000,0.000000*3B
$CV1,303,10314,0,-1,0.0,0.0,0.0,0.000000,0.000000,0.000000*3F
$CV1,304,10347,0,-1,0.0,0.0,0.0,0.000000,0.000000,0.000000*3E
$CV1,305,10378,0,-1,0.0,0.0,0.0,0.000000,0.000000,0.000000*33
$CV1,306,10409,0,-1,0.0,0.0,0.0,0.000000,0.000000,0.000000*31
$CV1,307,10443,0,-1,0.0,0.0,0.0,0.000000,0.000000,0.000000*3E
$CV1,308,10473,0,-1,0.0,0.0,0.0,0.000000,0.000000,0.000000*32
$CV1,309,10505,0,-1,0.0,0.0,0.0,0.000000,0.000000,0.000000*33
$CV1,310,10538,0,-1,0.0,0.0,0.0,0.000000,0.000000,0.000000*35
$CV1,311,10569,0,-1,0.0,0.0,0.0,0.000000,0.000000,0.000000*30
$CV1,312,10602,0,-1,0.0,0.0,0.0,0.000000,0.000000,0.000000*3D
$CV1,313,10634,0,-1,0.0,0.0,0.0,0.000000,0.000000,0.000000*39
$CV1,314,10666,0,-1,0.0,0.0,0.0,0.000000,0.000000,0.000000*39
$CV1,315,10715,0,-1,0.0,0.0,0.0,0.000000,0.000000,0.000000*3D
$CV1,316,10747,0,-1,0.0,0.0,0.0,0.000000,0.000000,0.000000*39
$CV1,317,10778,0,-1,0.0,0.0,0.0,0.000000,0.000000,0.000000*34
$CV1,318,10810,0,-1,0.0,0.0,0.0,0.000000,0.000000,0.000000*3A
$CV1,319,10843,0,-1,0.0,0.0,0.0,0.000000,0.000000,0.000000*3D
$CV1,320,10874,0,-1,0.0,0.0,0.0,0.000000,0.000000,0.000000*33
$CV1,321,10906,0,-1,0.0,0.0,0.0,0.000000,0.000000,0.000000*36
$CV1,322,10937,0,-1,0.0,0.0,0.0,0.000000,0.000000,0.000000*37
$CV1,323,10970,0,-1,0.0,0.0,0.0,0.000000,0.000000,0.000000*35
$CV1,324,11002,0,-1,0.0,0.0,0.0,0.000000,0.000000,0.000000*3F
$CV1,325,11034,0,-1,0.0,0.0,0.0,0.000000,0.000000,0.000000*3B
$CV1,326,11066,0,-1,0.0,0.0,0.0,0.000000,0.000000,0.000000*3F
$CV1,327,11114,0,-1,0.0,0.0,0.0,0.000000,0.000000,0.000000*3A
$CV1,328,11146,0,-1,0.0,0.0,0.0,0.000000,0.000000,0.000000*32
$CV1,329,11178,0,-1,0.0,0.0,0.0,0.000000,0.000000,0.000000*3E
$CV1,330,11212,0,-1,0.0,0.0,0.0,0.000000,0.000000,0.000000*39
$CV1,331,11241,0,-1,0.0,0.0,0.0,0.000000,0.000000,0.000000*3E
$CV1,332,11274,0,-1,0.0,0.0,0.0,0.000000,0.000000,0.000000*3B
$CV1,333,11307,0,-1,0.0,0.0,0.0,0.000000,0.000000,0.000000*3F
$CV1,334,11339,0,-1,0.0,0.0,0.0,0.000000,0.000000,0.000000*35
$CV1,335,11371,0,-1,0.0,0.0,0.0,0.000000,0.000000,0.000000*38
$CV1,336,11402,0,-1,0.0,0.0,0.0,0.000000,0.000000,0.000000*38
$CV1,337,11435,0,-1,0.0,0.0,0.0,0.000000,0.000000,0.000000*3D
$CV1,338,11482,0,-1,0.0,0.0,0.0,0.000000,0.000000,0.000000*3E
$CV1,339,11515,0,-1,0.0,0.0,0.0,0.000000,0.000000,0.000000*30
$CV1,340,11547,0,-1,0.0,0.0,0.0,0.000000,0.000000,0.000000*39
$CV1,341,11579,0,-1,0.0,0.0,0.0,0.000000,0.000000,0.000000*35
$CV1,342,11610,0,-1,0.0,0.0,0.0,0.000000,0.000000,0.000000*3A
$CV1,343,11642,0,-1,0.0,0.0,0.0,0.000000,0.000000,0.000000*3C
$CV1,344,11675,0,-1,0.0,0.0,0.0,0.000000,0.000000,0.000000*3F
$CV1,345,11705,0,-1,0.0,0.0,0.0,0.000000,0.000000,0.000000*38
$CV1,346,11738,0,-1,0.0,0.0,0.0,0.000000,0.000000,0.000000*35
$CV1,347,11770,0,-1,0.0,0.0,0.0,0.000000,0.000000,0.000000*38
$CV1,348,11802,0,-1,0.0,0.0,0.0,0.000000,0.000000,0.000000*3D
$CV1,349,11833,0,-1,0.0,0.0,0.0,0.000000,0.000000,0.000000*3E
$CV1,350,11882,0,-1,0.0,0.0,0.0,0.000000,0.000000,0.000000*3C
$CV1,351,11915,0,-1,0.0,0.0,0.0,0.000000,0.000000,0.000000*32
$CV1,352,11945,0,-1,0.0,0.0,0.0,0.000000,0.000000,0.000000*34
$CV1,353,11977,0,-1,0.0,0.0,0.0,0.000000,0.000000,0.000000*34
$CV1,354,12009,0,-1,0.0,0.0,0.0,0.000000,0.000000,0.000000*30
$CV1,355,12042,0,-1,0.0,0.0,0.0,0.000000,0.000000,0.000000*3E
$CV1,356,12074,0,-1,0.0,0.0,0.0,0.000000,0.000000,0.000000*38
$CV1,357,12106,0,-1,0.0,0.0,0.0,0.000000,0.000000,0.000000*3D
$CV1,358,12138,0,-1,0.0,0.0,0.0,0.000000,0.000000,0.000000*3F
$CV1,359,12169,0,-1,0.0,0.0,0.0,0.000000,0.000000,0.000000*3A
$CV1,360,12202,0,-1,0.0,0.0,0.0,0.000000,0.000000,0.000000*3E
$CV1,361,12233,0,-1,0.0,0.0,0.0,0.000000,0.000000,0.000000*3D
$CV1,362,12281,0,-1,0.0,0.0,0.0,0.000000,0.000000,0.000000*37
$CV1,363,12314,0,-1,0.0,0.0,0.0,0.000000,0.000000,0.000000*3B
$CV1,364,12345,0,-1,0.0,0.0,0.0,0.000000,0.000000,0.000000*38
$CV1,365,12378,0,-1,0.0,0.0,0.0,0.000000,0.000000,0.000000*37
$CV1,366,12408,0,-1,0.0,0.0,0.0,0.000000,0.000000,0.000000*34
$CV1,367,12442,0,-1,0.0,0.0,0.0,0.000000,0.000000,0.000000*3B
$CV1,368,12474,0,-1,0.0,0.0,0.0,0.000000,0.000000,0.000000*31
$CV1,369,12505,0,-1,0.0,0.0,0.0,0.000000,0.000000,0.000000*37
$CV1,370,12537,0,-1,0.0,0.0,0.0,0.000000,0.000000,0.000000*3E
$CV1,371,12570,0,-1,0.0,0.0,0.0,0.000000,0.000000,0.000000*3C
$CV1,372,12603,0,-1,0.0,0.0,0.0,0.000000,0.000000,0.000000*38
$CV1,373,12635,0,-1,0.0,0.0,0.0,0.000000,0.000000,0.000000*3C
$CV1,374,12682,0,-1,0.0,0.0,0.0,0.000000,0.000000,0.000000*37
$CV1,375,12714,0,-1,0.0,0.0,0.0,0.000000,0.000000,0.000000*38
$CV1,376,12746,0,-1,0.0,0.0,0.0,0.000000,0.000000,0.000000*3C
$CV1,377,12778,0,-1,0.0,0.0,0.0,0.000000,0.000000,0.000000*30
$CV1,378,12810,0,-1,0.0,0.0,0.0,0.000000,0.000000,0.000000*3E
$CV1,379,12843,0,-1,0.0,0.0,0.0,0.000000,0.000000,0.000000*39
$CV1,380,12875,0,-1,0.0,0.0,0.0,0.000000,0.000000,0.000000*3A
$CV1,381,12906,0,-1,0.0,0.0,0.0,0.000000,0.000000,0.000000*3E
$CV1,382,12938,0,-1,0.0,0.0,0.0,0.000000,0.000000,0.000000*30
$CV1,383,12970,0,-1,0.0,0.0,0.0,0.000000,0.000000,0.000000*3D
$CV1,384,13002,0,-1,0.0,0.0,0.0,0.000000,0.000000,0.000000*37
$CV1,385,13051,0,-1,0.0,0.0,0.0,0.000000,0.000000,0.000000*30
$CV1,386,13082,0,-1,0.0,0.0,0.0,0.000000,0.000000,0.000000*3D
$CV1,387,13113,0,-1,0.0,0.0,0.0,0.000000,0.000000,0.000000*35
$CV1,388,13146,0,-1,0.0,0.0,0.0,0.000000,0.000000,0.000000*3A
$CV1,389,13178,0,-1,0.0,0.0,0.0,0.000000,0.000000,0.000000*36
$CV1,390,13211,0,-1,0.0,0.0,0.0,0.000000,0.000000,0.000000*32
$CV1,391,13243,0,-1,0.0,0.0,0.0,0.000000,0.000000,0.000000*34
$CV1,392,13275,0,-1,0.0,0.0,0.0,0.000000,0.000000,0.000000*32
$CV1,393,13307,0,-1,0.0,0.0,0.0,0.000000,0.000000,0.000000*37
$CV1,394,13339,0,-1,0.0,0.0,0.0,0.000000,0.000000,0.000000*3D
$CV1,395,13370,0,-1,0.0,0.0,0.0,0.000000,0.000000,0.000000*31
$CV1,396,13403,0,-1,0.0,0.0,0.0,0.000000,0.000000,0.000000*31
$CV1,397,13450,0,-1,0.0,0.0,0.0,0.000000,0.000000,0.000000*36
$CV1,398,13482,0,-1,0.0,0.0,0.0,0.000000,0.000000,0.000000*36
$CV1,399,13515,0,-1,0.0,0.0,0.0,0.000000,0.000000,0.000000*38
$CV1,400,13547,0,-1,0.0,0.0,0.0,0.000000,0.000000,0.000000*38
$CV1,401,13579,0,-1,0.0,0.0,0.0,0.000000,0.000000,0.000000*34
$CV1,402,13610,0,-1,0.0,0.0,0.0,0.000000,0.000000,0.000000*3B
$CV1,403,13642,0,-1,0.0,0.0,0.0,0.000000,0.000000,0.000000*3D
$CV1,404,13674,0,-1,0.0,0.0,0.0,0.000000,0.000000,0.000000*3F
$CV1,405,13707,0,-1,0.0,0.0,0.0,0.000000,0.000000,0.000000*3B
$CV1,406,13739,0,-1,0.0,0.0,0.0,0.000000,0.000000,0.000000*35
$CV1,407,13771,0,-1,0.0,0.0,0.0,0.000000,0.000000,0.000000*38
$CV1,408,13803,0,-1,0.0,0.0,0.0,0.000000,0.000000,0.000000*3D
$CV1,409,13851,0,-1,0.0,0.0,0.0,0.000000,0.000000,0.000000*3B
$CV1,410,13883,0,-1,0.0,0.0,0.0,0.000000,0.000000,0.000000*3C
$CV1,411,13914,0,-1,0.0,0.0,0.0,0.000000,0.000000,0.000000*32
$CV1,412,13946,0,-1,0.0,0.0,0.0,0.000000,0.000000,0.000000*36
$CV1,413,13979,0,-1,0.0,0.0,0.0,0.000000,0.000000,0.000000*3B
$CV1,414,14011,0,-1,0.0,0.0,0.0,0.000000,0.000000,0.000000*3C
$CV1,415,14043,0,-1,0.0,0.0,0.0,0.000000,0.000000,0.000000*3A
$CV1,416,14075,0,-1,0.0,0.0,0.0,0.000000,0.000000,0.000000*3C
$CV1,417,14107,0,-1,0.0,0.0,0.0,0.000000,0.000000,0.000000*39
$CV1,418,14139,0,-1,0.0,0.0,0.0,0.000000,0.000000,0.000000*3B
$CV1,419,14171,0,-1,0.0,0.0,0.0,0.000000,0.000000,0.000000*36
$CV1,420,14202,0,-1,0.0,0.0,0.0,0.000000,0.000000,0.000000*3B
$CV1,421,14251,0,-1,0.0,0.0,0.0,0.000000,0.000000,0.000000*3C
$CV1,422,14282,0,-1,0.0,0.0,0.0,0.000000,0.000000,0.000000*31
$CV1,423,14314,0,-1,0.0,0.0,0.0,0.000000,0.000000,0.000000*3E
$CV1,424,14346,0,-1,0.0,0.0,0.0,0.000000,0.000000,0.000000*3E
$CV1,425,14378,0,-1,0.0,0.0,0.0,0.000000,0.000000,0.000000*32
$CV1,426,14410,0,-1,0.0,0.0,0.0,0.000000,0.000000,0.000000*38
$CV1,427,14442,0,-1,0.0,0.0,0.0,0.000000,0.000000,0.000000*3E
$CV1,428,14475,0,-1,0.0,0.0,0.0,0.000000,0.000000,0.000000*35
$CV1,429,14505,0,-1,0.0,0.0,0.0,0.000000,0.000000,0.000000*32
$CV1,430,14538,0,-1,0.0,0.0,0.0,0.000000,0.000000,0.000000*34
$CV1,431,14569,0,-1,0.0,0.0,0.0,0.000000,0.000000,0.000000*31
$CV1,432,14617,0,-1,0.0,0.0,0.0,0.000000,0.000000,0.000000*38
$CV1,433,14649,0,-1,0.0,0.0,0.0,0.000000,0.000000,0.000000*32
$CV1,434,14681,0,-1,0.0,0.0,0.0,0.000000,0.000000,0.000000*31
$CV1,435,14713,0,-1,0.0,0.0,0.0,0.000000,0.000000,0.000000*3A
$CV1,436,14745,0,-1,0.0,0.0,0.0,0.000000,0.000000,0.000000*3A
$CV1,437,14778,0,-1,0.0,0.0,0.0,0.000000,0.000000,0.000000*35
$CV1,438,14809,0,-1,0.0,0.0,0.0,0.000000,0.000000,0.000000*33
$CV1,439,14841,0,-1,0.0,0.0,0.0,0.000000,0.000000,0.000000*3E
$CV1,440,14873,0,-1,0.0,0.0,0.0,0.000000,0.000000,0.000000*31
$CV1,441,14906,0,-1,0.0,0.0,0.0,0.000000,0.000000,0.000000*33
$CV1,442,14937,0,-1,0.0,0.0,0.0,0.000000,0.000000,0.000000*32
$CV1,443,14970,0,-1,0.0,0.0,0.0,0.000000,0.000000,0.000000*30
$CV1,444,15016,0,-1,0.0,0.0,0.0,0.000000,0.000000,0.000000*3F
$CV1,445,15049,0,-1,0.0,0.0,0.0,0.000000,0.000000,0.000000*34
$CV1,446,15080,0,-1,0.0,0.0,0.0,0.000000,0.000000,0.000000*32
$CV1,447,15113,0,-1,0.0,0.0,0.0,0.000000,0.000000,0.000000*38
$CV1,448,15145,0,-1,0.0,0.0,0.0,0.000000,0.000000,0.000000*34
$CV1,449,15177,0,-1,0.0,0.0,0.0,0.000000,0.000000,0.000000*34
$CV1,450,15209,0,-1,0.0,0.0,0.0,0.000000,0.000000,0.000000*36
$CV1,451,15242,0,-1,0.0,0.0,0.0,0.000000,0.000000,0.000000*38
$CV1,452,15273,0,-1,0.0,0.0,0.0,0.000000,0.000000,0.000000*39
$CV1,453,15307,0,-1,0.0,0.0,0.0,0.000000,0.000000,0.000000*3A
$CV1,454,15337,0,-1,0.0,0.0,0.0,0.000000,0.000000,0.000000*3E
$CV1,455,15369,0,-1,0.0,0.0,0.0,0.000000,0.000000,0.000000*34
$CV1,456,15418,0,-1,0.0,0.0,0.0,0.000000,0.000000,0.000000*36
$CV1,457,15450,0,-1,0.0,0.0,0.0,0.000000,0.000000,0.000000*3B
$CV1,458,15482,0,-1,0.0,0.0,0.0,0.000000,0.000000,0.000000*3B
$CV1,459,15514,0,-1,0.0,0.0,0.0,0.000000,0.000000,0.000000*34
$CV1,460,15548,0,-1,0.0,0.0,0.0,0.000000,0.000000,0.000000*37
$CV1,461,15577,0,-1,0.0,0.0,0.0,0.000000,0.000000,0.000000*3A
$CV1,462,15609,0,-1,0.0,0.0,0.0,0.000000,0.000000,0.000000*33
$CV1,463,15642,0,-1,0.0,0.0,0.0,0.000000,0.000000,0.000000*3D
$CV1,464,15674,0,-1,0.0,0.0,0.0,0.000000,0.000000,0.000000*3F
$CV1,465,15706,0,-1,0.0,0.0,0.0,0.000000,0.000000,0.000000*3A
$CV1,466,15739,0,-1,0.0,0.0,0.0,0.000000,0.000000,0.000000*35
$CV1,467,15786,0,-1,0.0,0.0,0.0,0.000000,0.000000,0.000000*30
$CV1,468,15818,0,-1,0.0,0.0,0.0,0.000000,0.000000,0.000000*37
$CV1,469,15849,0,-1,0.0,0.0,0.0,0.000000,0.000000,0.000000*32
$CV1,470,15881,0,-1,0.0,0.0,0.0,0.000000,0.000000,0.000000*3E
$CV1,471,15914,0,-1,0.0,0.0,0.0,0.000000,0.000000,0.000000*32
$CV1,472,15946,0,-1,0.0,0.0,0.0,0.000000,0.000000,0.000000*36
$CV1,473,15979,0,-1,0.0,0.0,0.0,0.000000,0.000000,0.000000*3B
$CV1,474,16011,0,-1,0.0,0.0,0.0,0.000000,0.000000,0.000000*38
$CV1,475,16042,0,-1,0.0,0.0,0.0,0.000000,0.000000,0.000000*3F
$CV1,476,16074,0,-1,0.0,0.0,0.0,0.000000,0.000000,0.000000*39
$CV1,477,16106,0,-1,0.0,0.0,0.0,0.000000,0.000000,0.000000*3C
$CV1,478,16139,0,-1,0.0,0.0,0.0,0.000000,0.000000,0.000000*3F
$CV1,479,16186,0,-1,0.0,0.0,0.0,0.000000,0.000000,0.000000*3A
$CV1,480,16220,0,-1,0.0,0.0,0.0,0.000000,0.000000,0.000000*33
$CV1,481,16251,0,-1,0.0,0.0,0.0,0.000000,0.000000,0.000000*34
$CV1,482,16283,0,-1,0.0,0.0,0.0,0.000000,0.000000,0.000000*38
$CV1,483,16315,0,-1,0.0,0.0,0.0,0.000000,0.000000,0.000000*37
$CV1,484,16347,0,-1,0.0,0.0,0.0,0.000000,0.000000,0.000000*37
$CV1,485,16379,0,-1,0.0,0.0,0.0,0.000000,0.000000,0.000000*3B
$CV1,486,16411,0,-1,0.0,0.0,0.0,0.000000,0.000000,0.000000*31
$CV1,487,16444,0,-1,0.0,0.0,0.0,0.000000,0.000000,0.000000*30
$CV1,488,16476,0,-1,0.0,0.0,0.0,0.000000,0.000000,0.000000*3E
$CV1,489,16508,0,-1,0.0,0.0,0.0,0.000000,0.000000,0.000000*37
$CV1,490,16538,0,-1,0.0,0.0,0.0,0.000000,0.000000,0.000000*3C
$CV1,491,16589,0,-1,0.0,0.0,0.0,0.000000,0.000000,0.000000*37
$CV1,492,16619,0,-1,0.0,0.0,0.0,0.000000,0.000000,0.000000*3E
$CV1,493,16650,0,-1,0.0,0.0,0.0,0.000000,0.000000,0.000000*32
$CV1,494,16683,0,-1,0.0,0.0,0.0,0.000000,0.000000,0.000000*3B
$CV1,495,16715,0,-1,0.0,0.0,0.0,0.000000,0.000000,0.000000*34
$CV1,496,16748,0,-1,0.0,0.0,0.0,0.000000,0.000000,0.000000*3F
$CV1,497,16784,0,-1,0.0,0.0,0.0,0.000000,0.000000,0.000000*3E
$CV1,498,16812,0,-1,0.0,0.0,0.0,0.000000,0.000000,0.000000*31
$CV1,499,16843,0,-1,0.0,0.0,0.0,0.000000,0.000000,0.000000*34
$CV1,500,16874,0,-1,0.0,0.0,0.0,0.000000,0.000000,0.000000*31
$CV1,501,16906,0,-1,0.0,0.0,0.0,0.000000,0.000000,0.000000*34
$CV1,502,16940,0,-1,0.0,0.0,0.0,0.000000,0.000000,0.000000*35
$CV1,503,16989,0,-1,0.0,0.0,0.0,0.000000,0.000000,0.000000*31
$CV1,504,17020,0,-1,0.0,0.0,0.0,0.000000,0.000000,0.000000*3D
$CV1,505,17050,0,-1,0.0,0.0,0.0,0.000000,0.000000,0.000000*3B
$CV1,506,17083,0,-1,0.0,0.0,0.0,0.000000,0.000000,0.000000*36
$CV1,507,17114,0,-1,0.0,0.0,0.0,0.000000,0.000000,0.000000*38
$CV1,508,17147,0,-1,0.0,0.0,0.0,0.000000,0.000000,0.000000*31
$CV1,509,17181,0,-1,0.0,0.0,0.0,0.000000,0.000000,0.000000*3A
$CV1,510,17212,0,-1,0.0,0.0,0.0,0.000000,0.000000,0.000000*3B
$CV1,511,17243,0,-1,0.0,0.0,0.0,0.000000,0.000000,0.000000*3E
$CV1,512,17275,0,-1,0.0,0.0,0.0,0.000000,0.000000,0.000000*38
$CV1,513,17307,0,-1,0.0,0.0,0.0,0.000000,0.000000,0.000000*3D
$CV1,514,17355,0,-1,0.0,0.0,0.0,0.000000,0.000000,0.000000*3D
$CV1,515,17387,0,-1,0.0,0.0,0.0,0.000000,0.000000,0.000000*33
$CV1,516,17417,0,-1,0.0,0.0,0.0,0.000000,0.000000,0.000000*3E
$CV1,517,17450,0,-1,0.0,0.0,0.0,0.000000,0.000000,0.000000*3C
$CV1,518,17483,0,-1,0.0,0.0,0.0,0.000000,0.000000,0.000000*3D
$CV1,519,17514,0,-1,0.0,0.0,0.0,0.000000,0.000000,0.000000*33
$CV1,520,17547,0,-1,0.0,0.0,0.0,0.000000,0.000000,0.000000*3F
$CV1,521,17579,0,-1,0.0,0.0,0.0,0.000000,0.000000,0.000000*33
$CV1,522,17611,0,-1,0.0,0.0,0.0,0.000000,0.000000,0.000000*3D
$CV1,523,17642,0,-1,0.0,0.0,0.0,0.000000,0.000000,0.000000*3A
$CV1,524,17676,0,-1,0.0,0.0,0.0,0.000000,0.000000,0.000000*3A
$CV1,525,17707,0,-1,0.0,0.0,0.0,0.000000,0.000000,0.000000*3C
$CV1,526,17755,0,-1,0.0,0.0,0.0,0.000000,0.000000,0.000000*38
$CV1,527,17788,0,-1,0.0,0.0,0.0,0.000000,0.000000,0.000000*39
$CV1,528,17819,0,-1,0.0,0.0,0.0,0.000000,0.000000,0.000000*31
$CV1,529,17851,0,-1,0.0,0.0,0.0,0.000000,0.000000,0.000000*3C
$CV1,530,17883,0,-1,0.0,0.0,0.0,0.000000,0.000000,0.000000*3B
$CV1,531,17916,0,-1,0.0,0.0,0.0,0.000000,0.000000,0.000000*37
$CV1,532,17948,0,-1,0.0,0.0,0.0,0.000000,0.000000,0.000000*3F
$CV1,533,17981,0,-1,0.0,0.0,0.0,0.000000,0.000000,0.000000*3B
$CV1,534,18012,0,-1,0.0,0.0,0.0,0.000000,0.000000,0.000000*30
$CV1,535,18043,0,-1,0.0,0.0,0.0,0.000000,0.000000,0.000000*35
$CV1,536,18076,0,-1,0.0,0.0,0.0,0.000000,0.000000,0.000000*30
$CV1,537,18107,0,-1,0.0,0.0,0.0,0.000000,0.000000,0.000000*36
$CV1,538,18155,0,-1,0.0,0.0,0.0,0.000000,0.000000,0.000000*3E
$CV1,539,18188,0,-1,0.0,0.0,0.0,0.000000,0.000000,0.000000*3F
$CV1,540,18220,0,-1,0.0,0.0,0.0,0.000000,0.000000,0.000000*30
$CV1,541,18252,0,-1,0.0,0.0,0.0,0.000000,0.000000,0.000000*34
$CV1,542,18287,0,-1,0.0,0.0,0.0,0.000000,0.000000,0.000000*3F
$CV1,543,18316,0,-1,0.0,0.0,0.0,0.000000,0.000000,0.000000*37
$CV1,544,18347,0,-1,0.0,0.0,0.0,0.000000,0.000000,0.000000*34
$CV1,545,18378,0,-1,0.0,0.0,0.0,0.000000,0.000000,0.000000*39
$CV1,546,18411,0,-1,0.0,0.0,0.0,0.000000,0.000000,0.000000*32
$CV1,547,18443,0,-1,0.0,0.0,0.0,0.000000,0.000000,0.000000*34
$CV1,548,18477,0,-1,0.0,0.0,0.0,0.000000,0.000000,0.000000*3C
$CV1,549,18524,0,-1,0.0,0.0,0.0,0.000000,0.000000,0.000000*3A
$CV1,550,18556,0,-1,0.0,0.0,0.0,0.000000,0.000000,0.000000*37
$CV1,551,18589,0,-1,0.0,0.0,0.0,0.000000,0.000000,0.000000*34
$CV1,552,18620,0,-1,0.0,0.0,0.0,0.000000,0.000000,0.000000*37
$CV1,553,18653,0,-1,0.0,0.0,0.0,0.000000,0.000000,0.000000*32
$CV1,554,18685,0,-1,0.0,0.0,0.0,0.000000,0.000000,0.000000*3E
$CV1,555,18715,0,-1,0.0,0.0,0.0,0.000000,0.000000,0.000000*37
$CV1,556,18747,0,-1,0.0,0.0,0.0,0.000000,0.000000,0.000000*33
$CV1,557,18780,0,-1,0.0,0.0,0.0,0.000000,0.000000,0.000000*39
$CV1,558,18813,0,-1,0.0,0.0,0.0,0.000000,0.000000,0.000000*33
$CV1,559,18845,0,-1,0.0,0.0,0.0,0.000000,0.000000,0.000000*31
$CV1,560,18876,0,-1,0.0,0.0,0.0,0.000000,0.000000,0.000000*3B
$CV1,561,18923,0,-1,0.0,0.0,0.0,0.000000,0.000000,0.000000*3B
$CV1,562,18955,0,-1,0.0,0.0,0.0,0.000000,0.000000,0.000000*39
$CV1,563,18988,0,-1,0.0,0.0,0.0,0.000000,0.000000,0.000000*38
$CV1,564,19020,0,-1,0.0,0.0,0.0,0.000000,0.000000,0.000000*35
$CV1,565,19052,0,-1,0.0,0.0,0.0,0.000000,0.000000,0.000000*31
$CV1,566,19085,0,-1,0.0,0.0,0.0,0.000000,0.000000,0.000000*38
$CV1,567,19118,0,-1,0.0,0.0,0.0,0.000000,0.000000,0.000000*3C
$CV1,568,19150,0,-1,0.0,0.0,0.0,0.000000,0.000000,0.000000*3F
$CV1,569,19183,0,-1,0.0,0.0,0.0,0.000000,0.000000,0.000000*30
$CV1,570,19215,0,-1,0.0,0.0,0.0,0.000000,0.000000,0.000000*34
$CV1,571,19245,0,-1,0.0,0.0,0.0,0.000000,0.000000,0.000000*30
$CV1,572,19277,0,-1,0.0,0.0,0.0,0.000000,0.000000,0.000000*32
$CV1,573,19324,0,-1,0.0,0.0,0.0,0.000000,0.000000,0.000000*34
$CV1,574,19358,0,-1,0.0,0.0,0.0,0.000000,0.000000,0.000000*38
$CV1,575,19389,0,-1,0.0,0.0,0.0,0.000000,0.000000,0.000000*35
$CV1,576,19420,0,-1,0.0,0.0,0.0,0.000000,0.000000,0.000000*32
$CV1,577,19452,0,-1,0.0,0.0,0.0,0.000000,0.000000,0.000000*36
$CV1,578,19484,0,-1,0.0,0.0,0.0,0.000000,0.000000,0.000000*32
$CV1,579,19517,0,-1,0.0,0.0,0.0,0.000000,0.000000,0.000000*38
$CV1,580,19552,0,-1,0.0,0.0,0.0,0.000000,0.000000,0.000000*3F
$CV1,581,19581,0,-1,0.0,0.0,0.0,0.000000,0.000000,0.000000*30
$CV1,582,19613,0,-1,0.0,0.0,0.0,0.000000,0.000000,0.000000*3B
$CV1,583,19646,0,-1,0.0,0.0,0.0,0.000000,0.000000,0.000000*3A
$CV1,584,19678,0,-1,0.0,0.0,0.0,0.000000,0.000000,0.000000*30
$CV1,585,19723,0,-1,0.0,0.0,0.0,0.000000,0.000000,0.000000*3E
$CV1,586,19757,0,-1,0.0,0.0,0.0,0.000000,0.000000,0.000000*3E
$CV1,587,19788,0,-1,0.0,0.0,0.0,0.000000,0.000000,0.000000*3D
$CV1,588,19819,0,-1,0.0,0.0,0.0,0.000000,0.000000,0.000000*35
$CV1,589,19851,0,-1,0.0,0.0,0.0,0.000000,0.000000,0.000000*38
$CV1,590,19884,0,-1,0.0,0.0,0.0,0.000000,0.000000,0.000000*38
$CV1,591,19918,0,-1,0.0,0.0,0.0,0.000000,0.000000,0.000000*3D
$CV1,592,19948,0,-1,0.0,0.0,0.0,0.000000,0.000000,0.000000*3B
$CV1,593,19979,0,-1,0.0,0.0,0.0,0.000000,0.000000,0.000000*38
$CV1,594,20013,0,-1,0.0,0.0,0.0,0.000000,0.000000,0.000000*30
$CV1,595,20043,0,-1,0.0,0.0,0.0,0.000000,0.000000,0.000000*34
$CV1,596,20092,0,-1,0.0,0.0,0.0,0.000000,0.000000,0.000000*3B
$CV1,597,20125,0,-1,0.0,0.0,0.0,0.000000,0.000000,0.000000*37
$CV1,598,20157,0,-1,0.0,0.0,0.0,0.000000,0.000000,0.000000*3D
$CV1,599,20187,0,-1,0.0,0.0,0.0,0.000000,0.000000,0.000000*31
$CV1,600,20221,0,-1,0.0,0.0,0.0,0.000000,0.000000,0.000000*3D
$CV1,601,20253,0,-1,0.0,0.0,0.0,0.000000,0.000000,0.000000*39
$CV1,602,20285,0,-1,0.0,0.0,0.0,0.000000,0.000000,0.000000*31
$CV1,603,20316,0,-1,0.0,0.0,0.0,0.000000,0.000000,0.000000*3B
$CV1,604,20350,0,-1,0.0,0.0,0.0,0.000000,0.000000,0.000000*3E
$CV1,605,20380,0,-1,0.0,0.0,0.0,0.000000,0.000000,0.000000*32
$CV1,606,20414,0,-1,0.0,0.0,0.0,0.000000,0.000000,0.000000*3B
$CV1,607,20447,0,-1,0.0,0.0,0.0,0.000000,0.000000,0.000000*3C
$CV1,608,20492,0,-1,0.0,0.0,0.0,0.000000,0.000000,0.000000*3B
$CV1,609,20527,0,-1,0.0,0.0,0.0,0.000000,0.000000,0.000000*35
$CV1,610,20559,0,-1,0.0,0.0,0.0,0.000000,0.000000,0.000000*34
$CV1,611,20589,0,-1,0.0,0.0,0.0,0.000000,0.000000,0.000000*38
$CV1,612,20620,0,-1,0.0,0.0,0.0,0.000000,0.000000,0.000000*3B
$CV1,613,20654,0,-1,0.0,0.0,0.0,0.000000,0.000000,0.000000*39
$CV1,614,20684,0,-1,0.0,0.0,0.0,0.000000,0.000000,0.000000*33
$CV1,615,20716,0,-1,0.0,0.0,0.0,0.000000,0.000000,0.000000*38
$CV1,616,20749,0,-1,0.0,0.0,0.0,0.000000,0.000000,0.000000*31
$CV1,617,20780,0,-1,0.0,0.0,0.0,0.000000,0.000000,0.000000*35
$CV1,618,20813,0,-1,0.0,0.0,0.0,0.000000,0.000000,0.000000*3F
$CV1,619,20847,0,-1,0.0,0.0,0.0,0.000000,0.000000,0.000000*3F
$CV1,620,20892,0,-1,0.0,0.0,0.0,0.000000,0.000000,0.000000*3D
$CV1,621,20924,0,-1,0.0,0.0,0.0,0.000000,0.000000,0.000000*30
$CV1,622,20957,0,-1,0.0,0.0,0.0,0.000000,0.000000,0.000000*37
$CV1,623,20988,0,-1,0.0,0.0,0.0,0.000000,0.000000,0.000000*34
$CV1,624,21020,0,-1,0.0,0.0,0.0,0.000000,0.000000,0.000000*39
$CV1,625,21053,0,-1,0.0,0.0,0.0,0.000000,0.000000,0.000000*3C
$CV1,626,21085,0,-1,0.0,0.0,0.0,0.000000,0.000000,0.000000*34
$CV1,627,21116,0,-1,0.0,0.0,0.0,0.000000,0.000000,0.000000*3E
$CV1,628,21148,0,-1,0.0,0.0,0.0,0.000000,0.000000,0.000000*3A
$CV1,629,21187,0,-1,0.0,0.0,0.0,0.000000,0.000000,0.000000*38
$CV1,630,21215,0,-1,0.0,0.0,0.0,0.000000,0.000000,0.000000*38
$CV1,631,21245,0,-1,0.0,0.0,0.0,0.000000,0.000000,0.000000*3C
$CV1,632,21293,0,-1,0.0,0.0,0.0,0.000000,0.000000,0.000000*34
$CV1,633,21326,0,-1,0.0,0.0,0.0,0.000000,0.000000,0.000000*3A
$CV1,634,21356,0,-1,0.0,0.0,0.0,0.000000,0.000000,0.000000*3A
$CV1,635,21388,0,-1,0.0,0.0,0.0,0.000000,0.000000,0.000000*38
$CV1,636,21420,0,-1,0.0,0.0,0.0,0.000000,0.000000,0.000000*3E
$CV1,637,21452,0,-1,0.0,0.0,0.0,0.000000,0.000000,0.000000*3A
$CV1,638,21485,0,-1,0.0,0.0,0.0,0.000000,0.000000,0.000000*3F
$CV1,639,21518,0,-1,0.0,0.0,0.0,0.000000,0.000000,0.000000*3B
$CV1,640,21550,0,-1,0.0,0.0,0.0,0.000000,0.000000,0.000000*39
$CV1,641,21580,0,-1,0.0,0.0,0.0,0.000000,0.000000,0.000000*35
$CV1,642,21612,0,-1,0.0,0.0,0.0,0.000000,0.000000,0.000000*3E
$CV1,643,21660,0,-1,0.0,0.0,0.0,0.000000,0.000000,0.000000*3A
$CV1,644,21692,0,-1,0.0,0.0,0.0,0.000000,0.000000,0.000000*30
$CV1,645,21725,0,-1,0.0,0.0,0.0,0.000000,0.000000,0.000000*3C
$CV1,646,21757,0,-1,0.0,0.0,0.0,0.000000,0.000000,0.000000*3A
$CV1,647,21788,0,-1,0.0,0.0,0.0,0.000000,0.000000,0.000000*39
$CV1,648,21821,0,-1,0.0,0.0,0.0,0.000000,0.000000,0.000000*3A
$CV1,649,21852,0,-1,0.0,0.0,0.0,0.000000,0.000000,0.000000*3F
$CV1,650,21886,0,-1,0.0,0.0,0.0,0.000000,0.000000,0.000000*3E
$CV1,651,21917,0,-1,0.0,0.0,0.0,0.000000,0.000000,0.000000*36
$CV1,652,21949,0,-1,0.0,0.0,0.0,0.000000,0.000000,0.000000*3E
$CV1,653,21980,0,-1,0.0,0.0,0.0,0.000000,0.000000,0.000000*3A
$CV1,654,22013,0,-1,0.0,0.0,0.0,0.000000,0.000000,0.000000*3D
$CV1,655,22060,0,-1,0.0,0.0,0.0,0.000000,0.000000,0.000000*38
$CV1,656,22093,0,-1,0.0,0.0,0.0,0.000000,0.000000,0.000000*37
$CV1,657,22124,0,-1,0.0,0.0,0.0,0.000000,0.000000,0.000000*3B
$CV1,658,22156,0,-1,0.0,0.0,0.0,0.000000,0.000000,0.000000*31
$CV1,659,22188,0,-1,0.0,0.0,0.0,0.000000,0.000000,0.000000*33
$CV1,660,22221,0,-1,0.0,0.0,0.0,0.000000,0.000000,0.000000*39
$CV1,661,22253,0,-1,0.0,0.0,0.0,0.000000,0.000000,0.000000*3D
$CV1,662,22286,0,-1,0.0,0.0,0.0,0.000000,0.000000,0.000000*36
$CV1,663,22316,0,-1,0.0,0.0,0.0,0.000000,0.000000,0.000000*3F
$CV1,664,22348,0,-1,0.0,0.0,0.0,0.000000,0.000000,0.000000*33
$CV1,665,22380,0,-1,0.0,0.0,0.0,0.000000,0.000000,0.000000*36
$CV1,666,22413,0,-1,0.0,0.0,0.0,0.000000,0.000000,0.000000*38
$CV1,667,22459,0,-1,0.0,0.0,0.0,0.000000,0.000000,0.000000*37
$CV1,668,22493,0,-1,0.0,0.0,0.0,0.000000,0.000000,0.000000*3E
$CV1,669,22523,0,-1,0.0,0.0,0.0,0.000000,0.000000,0.000000*35
$CV1,670,22555,0,-1,0.0,0.0,0.0,0.000000,0.000000,0.000000*3C
$CV1,671,22588,0,-1,0.0,0.0,0.0,0.000000,0.000000,0.000000*3D
$CV1,672,22619,0,-1,0.0,0.0,0.0,0.000000,0.000000,0.000000*35
$CV1,673,22651,0,-1,0.0,0.0,0.0,0.000000,0.000000,0.000000*38
$CV1,674,22684,0,-1,0.0,0.0,0.0,0.000000,0.000000,0.000000*37
$CV1,675,22716,0,-1,0.0,0.0,0.0,0.000000,0.000000,0.000000*3C
$CV1,676,22747,0,-1,0.0,0.0,0.0,0.000000,0.000000,0.000000*3B
$CV1,677,22780,0,-1,0.0,0.0,0.0,0.000000,0.000000,0.000000*31
$CV1,678,22827,0,-1,0.0,0.0,0.0,0.000000,0.000000,0.000000*3C
$CV1,679,22860,0,-1,0.0,0.0,0.0,0.000000,0.000000,0.000000*3E
$CV1,680,22892,0,-1,0.0,0.0,0.0,0.000000,0.000000,0.000000*35
$CV1,681,22924,0,-1,0.0,0.0,0.0,0.000000,0.000000,0.000000*38
$CV1,682,22956,0,-1,0.0,0.0,0.0,0.000000,0.000000,0.000000*3E
$CV1,683,22989,0,-1,0.0,0.0,0.0,0.000000,0.000000,0.000000*3D
$CV1,684,23020,0,-1,0.0,0.0,0.0,0.000000,0.000000,0.000000*31
$CV1,685,23053,0,-1,0.0,0.0,0.0,0.000000,0.000000,0.000000*34
$CV1,686,23085,0,-1,0.0,0.0,0.0,0.000000,0.000000,0.000000*3C
$CV1,687,23118,0,-1,0.0,0.0,0.0,0.000000,0.000000,0.000000*38
$CV1,688,23148,0,-1,0.0,0.0,0.0,0.000000,0.000000,0.000000*32
$CV1,689,23181,0,-1,0.0,0.0,0.0,0.000000,0.000000,0.000000*36
$CV1,690,23228,0,-1,0.0,0.0,0.0,0.000000,0.000000,0.000000*3E
$CV1,691,23260,0,-1,0.0,0.0,0.0,0.000000,0.000000,0.000000*33
$CV1,692,23292,0,-1,0.0,0.0,0.0,0.000000,0.000000,0.000000*3D
$CV1,693,23324,0,-1,0.0,0.0,0.0,0.000000,0.000000,0.000000*30
$CV1,694,23357,0,-1,0.0,0.0,0.0,0.000000,0.000000,0.000000*33
$CV1,695,23389,0,-1,0.0,0.0,0.0,0.000000,0.000000,0.000000*31
$CV1,696,23421,0,-1,0.0,0.0,0.0,0.000000,0.000000,0.000000*37
$CV1,697,23453,0,-1,0.0,0.0,0.0,0.000000,0.000000,0.000000*33
$CV1,698,23486,0,-1,0.0,0.0,0.0,0.000000,0.000000,0.000000*34
$CV1,699,23518,0,-1,0.0,0.0,0.0,0.000000,0.000000,0.000000*33
$CV1,700,23548,0,-1,0.0,0.0,0.0,0.000000,0.000000,0.000000*37
$CV1,701,23582,0,-1,0.0,0.0,0.0,0.000000,0.000000,0.000000*30
$CV1,702,23628,0,-1,0.0,0.0,0.0,0.000000,0.000000,0.000000*30
$CV1,703,23661,0,-1,0.0,0.0,0.0,0.000000,0.000000,0.000000*3C
$CV1,704,23693,0,-1,0.0,0.0,0.0,0.000000,0.000000,0.000000*36
$CV1,705,23725,0,-1,0.0,0.0,0.0,0.000000,0.000000,0.000000*3B
$CV1,706,23756,0,-1,0.0,0.0,0.0,0.000000,0.000000,0.000000*3C
$CV1,707,23790,0,-1,0.0,0.0,0.0,0.000000,0.000000,0.000000*37
$CV1,708,23819,0,-1,0.0,0.0,0.0,0.000000,0.000000,0.000000*36
$CV1,709,23851,0,-1,0.0,0.0,0.0,0.000000,0.000000,0.000000*3B
$CV1,710,23883,0,-1,0.0,0.0,0.0,0.000000,0.000000,0.000000*3C
$CV1,711,23915,0,-1,0.0,0.0,0.0,0.000000,0.000000,0.000000*33
$CV1,712,23947,0,-1,0.0,0.0,0.0,0.000000,0.000000,0.000000*37
$CV1,713,23980,0,-1,0.0,0.0,0.0,0.000000,0.000000,0.000000*3D
$CV1,714,24026,0,-1,0.0,0.0,0.0,0.000000,0.000000,0.000000*38
$CV1,715,24060,0,-1,0.0,0.0,0.0,0.000000,0.000000,0.000000*3B
$CV1,716,24093,0,-1,0.0,0.0,0.0,0.000000,0.000000,0.000000*34
$CV1,717,24123,0,-1,0.0,0.0,0.0,0.000000,0.000000,0.000000*3F
$CV1,718,24155,0,-1,0.0,0.0,0.0,0.000000,0.000000,0.000000*31
$CV1,719,24187,0,-1,0.0,0.0,0.0,0.000000,0.000000,0.000000*3F
$CV1,720,24219,0,-1,0.0,0.0,0.0,0.000000,0.000000,0.000000*31
$CV1,721,24250,0,-1,0.0,0.0,0.0,0.000000,0.000000,0.000000*3D
$CV1,722,24284,0,-1,0.0,0.0,0.0,0.000000,0.000000,0.000000*37
$CV1,723,24317,0,-1,0.0,0.0,0.0,0.000000,0.000000,0.000000*3D
$CV1,724,24348,0,-1,0.0,0.0,0.0,0.000000,0.000000,0.000000*30
$CV1,725,24396,0,-1,0.0,0.0,0.0,0.000000,0.000000,0.000000*32
$CV1,726,24427,0,-1,0.0,0.0,0.0,0.000000,0.000000,0.000000*3C
$CV1,727,24459,0,-1,0.0,0.0,0.0,0.000000,0.000000,0.000000*34
$CV1,728,24490,0,-1,0.0,0.0,0.0,0.000000,0.000000,0.000000*3E
$CV1,729,24522,0,-1,0.0,0.0,0.0,0.000000,0.000000,0.000000*37
$CV1,730,24555,0,-1,0.0,0.0,0.0,0.000000,0.000000,0.000000*3F
$CV1,731,24588,0,-1,0.0,0.0,0.0,0.000000,0.000000,0.000000*3E
$CV1,732,24619,0,-1,0.0,0.0,0.0,0.000000,0.000000,0.000000*36
$CV1,733,24652,0,-1,0.0,0.0,0.0,0.000000,0.000000,0.000000*38
$CV1,734,24683,0,-1,0.0,0.0,0.0,0.000000,0.000000,0.000000*33
$CV1,735,24715,0,-1,0.0,0.0,0.0,0.000000,0.000000,0.000000*3C
$CV1,736,24748,0,-1,0.0,0.0,0.0,0.000000,0.000000,0.000000*37
$CV1,737,24798,0,-1,0.0,0.0,0.0,0.000000,0.000000,0.000000*3B
$CV1,738,24828,0,-1,0.0,0.0,0.0,0.000000,0.000000,0.000000*30
$CV1,739,24860,0,-1,0.0,0.0,0.0,0.000000,0.000000,0.000000*3D
$CV1,740,24892,0,-1,0.0,0.0,0.0,0.000000,0.000000,0.000000*3E
$CV1,741,24924,0,-1,0.0,0.0,0.0,0.000000,0.000000,0.000000*33
$CV1,742,24956,0,-1,0.0,0.0,0.0,0.000000,0.000000,0.000000*35
$CV1,743,24988,0,-1,0.0,0.0,0.0,0.000000,0.000000,0.000000*37
$CV1,744,25021,0,-1,0.0,0.0,0.0,0.000000,0.000000,0.000000*3B
$CV1,745,25052,0,-1,0.0,0.0,0.0,0.000000,0.000000,0.000000*3E
$CV1,746,25086,0,-1,0.0,0.0,0.0,0.000000,0.000000,0.000000*34
$CV1,747,25117,0,-1,0.0,0.0,0.0,0.000000,0.000000,0.000000*3C
$CV1,748,25149,0,-1,0.0,0.0,0.0,0.000000,0.000000,0.000000*38
$CV1,749,25197,0,-1,0.0,0.0,0.0,0.000000,0.000000,0.000000*3A
$CV1,750,25229,0,-1,0.0,0.0,0.0,0.000000,0.000000,0.000000*34
$CV1,751,25262,0,-1,0.0,0.0,0.0,0.000000,0.000000,0.000000*3A
$CV1,752,25294,0,-1,0.0,0.0,0.0,0.000000,0.000000,0.000000*30
$CV1,753,25325,0,-1,0.0,0.0,0.0,0.000000,0.000000,0.000000*3A
$CV1,754,25357,0,-1,0.0,0.0,0.0,0.000000,0.000000,0.000000*38
$CV1,755,25388,0,-1,0.0,0.0,0.0,0.000000,0.000000,0.000000*3B
$CV1,756,25420,0,-1,0.0,0.0,0.0,0.000000,0.000000,0.000000*3D
$CV1,757,25453,0,-1,0.0,0.0,0.0,0.000000,0.000000,0.000000*38
$CV1,758,25486,0,-1,0.0,0.0,0.0,0.000000,0.000000,0.000000*3F
$CV1,759,25518,0,-1,0.0,0.0,0.0,0.000000,0.000000,0.000000*38
$CV1,760,25550,0,-1,0.0,0.0,0.0,0.000000,0.000000,0.000000*3E
$CV1,761,25597,0,-1,0.0,0.0,0.0,0.000000,0.000000,0.000000*34
$CV1,762,25630,0,-1,0.0,0.0,0.0,0.000000,0.000000,0.000000*39
$CV1,763,25661,0,-1,0.0,0.0,0.0,0.000000,0.000000,0.000000*3C
$CV1,764,25694,0,-1,0.0,0.0,0.0,0.000000,0.000000,0.000000*31
$CV1,765,25726,0,-1,0.0,0.0,0.0,0.000000,0.000000,0.000000*38
$CV1,766,25757,0,-1,0.0,0.0,0.0,0.000000,0.000000,0.000000*3D
$CV1,767,25790,0,-1,0.0,0.0,0.0,0.000000,0.000000,0.000000*37
$CV1,768,25822,0,-1,0.0,0.0,0.0,0.000000,0.000000,0.000000*3E
$CV1,769,25855,0,-1,0.0,0.0,0.0,0.000000,0.000000,0.000000*3F
$CV1,770,25886,0,-1,0.0,0.0,0.0,0.000000,0.000000,0.000000*39
$CV1,771,25917,0,-1,0.0,0.0,0.0,0.000000,0.000000,0.000000*31
$CV1,772,25964,0,-1,0.0,0.0,0.0,0.000000,0.000000,0.000000*36
$CV1,773,25995,0,-1,0.0,0.0,0.0,0.000000,0.000000,0.000000*39
$CV1,774,26029,0,-1,0.0,0.0,0.0,0.000000,0.000000,0.000000*33
$CV1,775,26060,0,-1,0.0,0.0,0.0,0.000000,0.000000,0.000000*3F
$CV1,776,26093,0,-1,0.0,0.0,0.0,0.000000,0.000000,0.000000*30
$CV1,777,26125,0,-1,0.0,0.0,0.0,0.000000,0.000000,0.000000*3D
$CV1,778,26157,0,-1,0.0,0.0,0.0,0.000000,0.000000,0.000000*37
$CV1,779,26189,0,-1,0.0,0.0,0.0,0.000000,0.000000,0.000000*35
$CV1,780,26220,0,-1,0.0,0.0,0.0,0.000000,0.000000,0.000000*33
$CV1,781,26253,0,-1,0.0,0.0,0.0,0.000000,0.000000,0.000000*36
$CV1,782,26285,0,-1,0.0,0.0,0.0,0.000000,0.000000,0.000000*3E
$CV1,783,26317,0,-1,0.0,0.0,0.0,0.000000,0.000000,0.000000*35
$CV1,784,26365,0,-1,0.0,0.0,0.0,0.000000,0.000000,0.000000*37
$CV1,785,26401,0,-1,0.0,0.0,0.0,0.000000,0.000000,0.000000*33
$CV1,786,26431,0,-1,0.0,0.0,0.0,0.000000,0.000000,0.000000*33
$CV1,787,26460,0,-1,0.0,0.0,0.0,0.000000,0.000000,0.000000*36
$CV1,788,26492,0,-1,0.0,0.0,0.0,0.000000,0.000000,0.000000*34
$CV1,789,26526,0,-1,0.0,0.0,0.0,0.000000,0.000000,0.000000*3B
$CV1,790,26558,0,-1,0.0,0.0,0.0,0.000000,0.000000,0.000000*3A
$CV1,791,26589,0,-1,0.0,0.0,0.0,0.000000,0.000000,0.000000*37
$CV1,792,26622,0,-1,0.0,0.0,0.0,0.000000,0.000000,0.000000*36
$CV1,793,26653,0,-1,0.0,0.0,0.0,0.000000,0.000000,0.000000*31
$CV1,794,26685,0,-1,0.0,0.0,0.0,0.000000,0.000000,0.000000*3D
$CV1,795,26717,0,-1,0.0,0.0,0.0,0.000000,0.000000,0.000000*36
$CV1,796,26763,0,-1,0.0,0.0,0.0,0.000000,0.000000,0.000000*36
$CV1,797,26797,0,-1,0.0,0.0,0.0,0.000000,0.000000,0.000000*3C
$CV1,798,26830,0,-1,0.0,0.0,0.0,0.000000,0.000000,0.000000*31
$CV1,799,26862,0,-1,0.0,0.0,0.0,0.000000,0.000000,0.000000*37
$CV1,800,26893,0,-1,0.0,0.0,0.0,0.000000,0.000000,0.000000*36
$CV1,801,26924,0,-1,0.0,0.0,0.0,0.000000,0.000000,0.000000*3A
$CV1,802,26957,0,-1,0.0,0.0,0.0,0.000000,0.000000,0.000000*3D
$CV1,803,26989,0,-1,0.0,0.0,0.0,0.000000,0.000000,0.000000*3F
$CV1,804,27021,0,-1,0.0,0.0,0.0,0.000000,0.000000,0.000000*32
$CV1,805,27053,0,-1,0.0,0.0,0.0,0.000000,0.000000,0.000000*36
$CV1,806,27086,0,-1,0.0,0.0,0.0,0.000000,0.000000,0.000000*3D
$CV1,807,27134,0,-1,0.0,0.0,0.0,0.000000,0.000000,0.000000*34
$CV1,808,27165,0,-1,0.0,0.0,0.0,0.000000,0.000000,0.000000*3F
$CV1,809,27198,0,-1,0.0,0.0,0.0,0.000000,0.000000,0.000000*3C
$CV1,810,27230,0,-1,0.0,0.0,0.0,0.000000,0.000000,0.000000*35
$CV1,811,27261,0,-1,0.0,0.0,0.0,0.000000,0.000000,0.000000*30
$CV1,812,27292,0,-1,0.0,0.0,0.0,0.000000,0.000000,0.000000*3F
$CV1,813,27325,0,-1,0.0,0.0,0.0,0.000000,0.000000,0.000000*33
$CV1,814,27358,0,-1,0.0,0.0,0.0,0.000000,0.000000,0.000000*3E
$CV1,815,27390,0,-1,0.0,0.0,0.0,0.000000,0.000000,0.000000*3B
$CV1,816,27421,0,-1,0.0,0.0,0.0,0.000000,0.000000,0.000000*35
$CV1,817,27453,0,-1,0.0,0.0,0.0,0.000000,0.000000,0.000000*31
$CV1,818,27486,0,-1,0.0,0.0,0.0,0.000000,0.000000,0.000000*36
$CV1,819,27534,0,-1,0.0,0.0,0.0,0.000000,0.000000,0.000000*3F
$CV1,820,27566,0,-1,0.0,0.0,0.0,0.000000,0.000000,0.000000*32
$CV1,821,27620,0,-1,0.0,0.0,0.0,0.000000,0.000000,0.000000*32
$CV1,822,27638,0,-1,0.0,0.0,0.0,0.000000,0.000000,0.000000*38
$CV1,823,27662,0,-1,0.0,0.0,0.0,0.000000,0.000000,0.000000*36
$CV1,824,27693,0,-1,0.0,0.0,0.0,0.000000,0.000000,0.000000*3F
$CV1,825,27726,0,-1,0.0,0.0,0.0,0.000000,0.000000,0.000000*31
$CV1,826,27758,0,-1,0.0,0.0,0.0,0.000000,0.000000,0.000000*3B
$CV1,827,27788,0,-1,0.0,0.0,0.0,0.000000,0.000000,0.000000*37
$CV1,828,27821,0,-1,0.0,0.0,0.0,0.000000,0.000000,0.000000*34
$CV1,829,27853,0,-1,0.0,0.0,0.0,0.000000,0.000000,0.000000*30
$CV1,830,27884,0,-1,0.0,0.0,0.0,0.000000,0.000000,0.000000*32
$CV1,831,27931,0,-1,0.0,0.0,0.0,0.000000,0.000000,0.000000*3C
$CV1,832,27963,0,-1,0.0,0.0,0.0,0.000000,0.000000,0.000000*38
$CV1,833,27995,0,-1,0.0,0.0,0.0,0.000000,0.000000,0.000000*30
$CV1,834,28026,0,-1,0.0,0.0,0.0,0.000000,0.000000,0.000000*39
$CV1,835,28060,0,-1,0.0,0.0,0.0,0.000000,0.000000,0.000000*3A
$CV1,836,28092,0,-1,0.0,0.0,0.0,0.000000,0.000000,0.000000*34
$CV1,837,28124,0,-1,0.0,0.0,0.0,0.000000,0.000000,0.000000*39
$CV1,838,28155,0,-1,0.0,0.0,0.0,0.000000,0.000000,0.000000*30
$CV1,839,28187,0,-1,0.0,0.0,0.0,0.000000,0.000000,0.000000*3E
$CV1,840,28220,0,-1,0.0,0.0,0.0,0.000000,0.000000,0.000000*3E
$CV1,841,28251,0,-1,0.0,0.0,0.0,0.000000,0.000000,0.000000*39
$CV1,842,28283,0,-1,0.0,0.0,0.0,0.000000,0.000000,0.000000*35
$CV1,843,28330,0,-1,0.0,0.0,0.0,0.000000,0.000000,0.000000*3D
$CV1,844,28363,0,-1,0.0,0.0,0.0,0.000000,0.000000,0.000000*3C
$CV1,845,28396,0,-1,0.0,0.0,0.0,0.000000,0.000000,0.000000*37
$CV1,846,28427,0,-1,0.0,0.0,0.0,0.000000,0.000000,0.000000*39
$CV1,847,28458,0,-1,0.0,0.0,0.0,0.000000,0.000000,0.000000*30
$CV1,848,28490,0,-1,0.0,0.0,0.0,0.000000,0.000000,0.000000*3B
$CV1,849,28522,0,-1,0.0,0.0,0.0,0.000000,0.000000,0.000000*32
$CV1,850,28554,0,-1,0.0,0.0,0.0,0.000000,0.000000,0.000000*3B
$CV1,851,28587,0,-1,0.0,0.0,0.0,0.000000,0.000000,0.000000*34
$CV1,852,28618,0,-1,0.0,0.0,0.0,0.000000,0.000000,0.000000*32
$CV1,853,28651,0,-1,0.0,0.0,0.0,0.000000,0.000000,0.000000*3E
$CV1,854,28699,0,-1,0.0,0.0,0.0,0.000000,0.000000,0.000000*3D
$CV1,855,28730,0,-1,0.0,0.0,0.0,0.000000,0.000000,0.000000*3E
$CV1,856,28762,0,-1,0.0,0.0,0.0,0.000000,0.000000,0.000000*3A
$CV1,857,28794,0,-1,0.0,0.0,0.0,0.000000,0.000000,0.000000*32
$CV1,858,28825,0,-1,0.0,0.0,0.0,0.000000,0.000000,0.000000*38
$CV1,859,28858,0,-1,0.0,0.0,0.0,0.000000,0.000000,0.000000*33
$CV1,860,28889,0,-1,0.0,0.0,0.0,0.000000,0.000000,0.000000*35
$CV1,861,28922,0,-1,0.0,0.0,0.0,0.000000,0.000000,0.000000*34
$CV1,862,28953,0,-1,0.0,0.0,0.0,0.000000,0.000000,0.000000*31
$CV1,863,28985,0,-1,0.0,0.0,0.0,0.000000,0.000000,0.000000*3B
$CV1,864,29018,0,-1,0.0,0.0,0.0,0.000000,0.000000,0.000000*30
$CV1,865,29049,0,-1,0.0,0.0,0.0,0.000000,0.000000,0.000000*35
$CV1,866,29097,0,-1,0.0,0.0,0.0,0.000000,0.000000,0.000000*35
$CV1,867,29131,0,-1,0.0,0.0,0.0,0.000000,0.000000,0.000000*39
$CV1,868,29161,0,-1,0.0,0.0,0.0,0.000000,0.000000,0.000000*33
$CV1,869,29194,0,-1,0.0,0.0,0.0,0.000000,0.000000,0.000000*38
$CV1,870,29225,0,-1,0.0,0.0,0.0,0.000000,0.000000,0.000000*39
$CV1,871,29258,0,-1,0.0,0.0,0.0,0.000000,0.000000,0.000000*32
$CV1,872,29289,0,-1,0.0,0.0,0.0,0.000000,0.000000,0.000000*3D
$CV1,873,29321,0,-1,0.0,0.0,0.0,0.000000,0.000000,0.000000*3F
$CV1,874,29353,0,-1,0.0,0.0,0.0,0.000000,0.000000,0.000000*3D
$CV1,875,29385,0,-1,0.0,0.0,0.0,0.000000,0.000000,0.000000*37
$CV1,876,29417,0,-1,0.0,0.0,0.0,0.000000,0.000000,0.000000*38
$CV1,877,29449,0,-1,0.0,0.0,0.0,0.000000,0.000000,0.000000*32
$CV1,878,29497,0,-1,0.0,0.0,0.0,0.000000,0.000000,0.000000*3E
$CV1,879,29529,0,-1,0.0,0.0,0.0,0.000000,0.000000,0.000000*3B
$CV1,880,29562,0,-1,0.0,0.0,0.0,0.000000,0.000000,0.000000*32
$CV1,881,29594,0,-1,0.0,0.0,0.0,0.000000,0.000000,0.000000*3A
$CV1,882,29626,0,-1,0.0,0.0,0.0,0.000000,0.000000,0.000000*33
$CV1,883,29658,0,-1,0.0,0.0,0.0,0.000000,0.000000,0.000000*3B
$CV1,884,29690,0,-1,0.0,0.0,0.0,0.000000,0.000000,0.000000*38
$CV1,885,29723,0,-1,0.0,0.0,0.0,0.000000,0.000000,0.000000*30
$CV1,886,29754,0,-1,0.0,0.0,0.0,0.000000,0.000000,0.000000*33
$CV1,887,29785,0,-1,0.0,0.0,0.0,0.000000,0.000000,0.000000*3E
$CV1,888,29818,0,-1,0.0,0.0,0.0,0.000000,0.000000,0.000000*3A
$CV1,889,29850,0,-1,0.0,0.0,0.0,0.000000,0.000000,0.000000*37
$CV1,890,29898,0,-1,0.0,0.0,0.0,0.000000,0.000000,0.000000*3B
$CV1,891,29929,0,-1,0.0,0.0,0.0,0.000000,0.000000,0.000000*31
$CV1,892,29962,0,-1,0.0,0.0,0.0,0.000000,0.000000,0.000000*3D
$CV1,893,29993,0,-1,0.0,0.0,0.0,0.000000,0.000000,0.000000*32
$CV1,894,30026,0,-1,0.0,0.0,0.0,0.000000,0.000000,0.000000*3A
$CV1,895,30058,0,-1,0.0,0.0,0.0,0.000000,0.000000,0.000000*32
$CV1,896,30090,0,-1,0.0,0.0,0.0,0.000000,0.000000,0.000000*35
$CV1,897,30121,0,-1,0.0,0.0,0.0,0.000000,0.000000,0.000000*3F
$CV1,898,30154,0,-1,0.0,0.0,0.0,0.000000,0.000000,0.000000*32
$CV1,899,30186,0,-1,0.0,0.0,0.0,0.000000,0.000000,0.000000*3C
$CV1,900,30218,0,-1,0.0,0.0,0.0,0.000000,0.000000,0.000000*39
$CV1,901,30266,0,-1,0.0,0.0,0.0,0.000000,0.000000,0.000000*31
$CV1,902,30298,0,-1,0.0,0.0,0.0,0.000000,0.000000,0.000000*33
$CV1,903,30330,0,-1,0.0,0.0,0.0,0.000000,0.000000,0.000000*31
$CV1,904,30362,0,-1,0.0,0.0,0.0,0.000000,0.000000,0.000000*31
$CV1,905,30393,0,-1,0.0,0.0,0.0,0.000000,0.000000,0.000000*3E
$CV1,906,30425,0,-1,0.0,0.0,0.0,0.000000,0.000000,0.000000*37
$CV1,907,30458,0,-1,0.0,0.0,0.0,0.000000,0.000000,0.000000*3C
$CV1,908,30490,0,-1,0.0,0.0,0.0,0.000000,0.000000,0.000000*37
$CV1,909,30522,0,-1,0.0,0.0,0.0,0.000000,0.000000,0.000000*3E
$CV1,910,30554,0,-1,0.0,0.0,0.0,0.000000,0.000000,0.000000*37
$CV1,911,30586,0,-1,0.0,0.0,0.0,0.000000,0.000000,0.000000*39
$CV1,912,30618,0,-1,0.0,0.0,0.0,0.000000,0.000000,0.000000*3E
$CV1,913,30665,0,-1,0.0,0.0,0.0,0.000000,0.000000,0.000000*35
$CV1,914,30697,0,-1,0.0,0.0,0.0,0.000000,0.000000,0.000000*3F
$CV1,915,30730,0,-1,0.0,0.0,0.0,0.000000,0.000000,0.000000*32
$CV1,916,30762,0,-1,0.0,0.0,0.0,0.000000,0.000000,0.000000*36
$CV1,917,30794,0,-1,0.0,0.0,0.0,0.000000,0.000000,0.000000*3E
$CV1,918,30826,0,-1,0.0,0.0,0.0,0.000000,0.000000,0.000000*37
$CV1,919,30858,0,-1,0.0,0.0,0.0,0.000000,0.000000,0.000000*3F
$CV1,920,30890,0,-1,0.0,0.0,0.0,0.000000,0.000000,0.000000*31
$CV1,921,30921,0,-1,0.0,0.0,0.0,0.000000,0.000000,0.000000*3B
$CV1,922,30953,0,-1,0.0,0.0,0.0,0.000000,0.000000,0.000000*3D
$CV1,923,30985,0,-1,0.0,0.0,0.0,0.000000,0.000000,0.000000*37
$CV1,924,31017,0,-1,0.0,0.0,0.0,0.000000,0.000000,0.000000*33
$CV1,925,31066,0,-1,0.0,0.0,0.0,0.000000,0.000000,0.000000*34
$CV1,926,31097,0,-1,0.0,0.0,0.0,0.000000,0.000000,0.000000*39
$CV1,927,31130,0,-1,0.0,0.0,0.0,0.000000,0.000000,0.000000*34
$CV1,928,31161,0,-1,0.0,0.0,0.0,0.000000,0.000000,0.000000*3F
$CV1,929,31195,0,-1,0.0,0.0,0.0,0.000000,0.000000,0.000000*35
$CV1,930,31227,0,-1,0.0,0.0,0.0,0.000000,0.000000,0.000000*37
$CV1,931,31258,0,-1,0.0,0.0,0.0,0.000000,0.000000,0.000000*3E
$CV1,932,31290,0,-1,0.0,0.0,0.0,0.000000,0.000000,0.000000*39
$CV1,933,31321,0,-1,0.0,0.0,0.0,0.000000,0.000000,0.000000*33
$CV1,934,31353,0,-1,0.0,0.0,0.0,0.000000,0.000000,0.000000*31
$CV1,935,31386,0,-1,0.0,0.0,0.0,0.000000,0.000000,0.000000*38
$CV1,936,31434,0,-1,0.0,0.0,0.0,0.000000,0.000000,0.000000*35
$CV1,937,31465,0,-1,0.0,0.0,0.0,0.000000,0.000000,0.000000*30
$CV1,938,31497,0,-1,0.0,0.0,0.0,0.000000,0.000000,0.000000*32
$CV1,939,31529,0,-1,0.0,0.0,0.0,0.000000,0.000000,0.000000*37
$CV1,940,31562,0,-1,0.0,0.0,0.0,0.000000,0.000000,0.000000*36
$CV1,941,31594,0,-1,0.0,0.0,0.0,0.000000,0.000000,0.000000*3E
$CV1,942,31628,0,-1,0.0,0.0,0.0,0.000000,0.000000,0.000000*39
$CV1,943,31659,0,-1,0.0,0.0,0.0,0.000000,0.000000,0.000000*3E
$CV1,944,31690,0,-1,0.0,0.0,0.0,0.000000,0.000000,0.000000*3C
$CV1,945,31722,0,-1,0.0,0.0,0.0,0.000000,0.000000,0.000000*35
$CV1,946,31755,0,-1,0.0,0.0,0.0,0.000000,0.000000,0.000000*36
$CV1,947,31787,0,-1,0.0,0.0,0.0,0.000000,0.000000,0.000000*38
$CV1,948,31836,0,-1,0.0,0.0,0.0,0.000000,0.000000,0.000000*32
$CV1,949,31866,0,-1,0.0,0.0,0.0,0.000000,0.000000,0.000000*36
$CV1,950,31898,0,-1,0.0,0.0,0.0,0.000000,0.000000,0.000000*3F
$CV1,951,31930,0,-1,0.0,0.0,0.0,0.000000,0.000000,0.000000*3D
$CV1,952,31962,0,-1,0.0,0.0,0.0,0.000000,0.000000,0.000000*39
$CV1,953,31994,0,-1,0.0,0.0,0.0,0.000000,0.000000,0.000000*31
$CV1,954,32027,0,-1,0.0,0.0,0.0,0.000000,0.000000,0.000000*34
$CV1,955,32058,0,-1,0.0,0.0,0.0,0.000000,0.000000,0.000000*3D
$CV1,956,32090,0,-1,0.0,0.0,0.0,0.000000,0.000000,0.000000*3A
$CV1,957,32122,0,-1,0.0,0.0,0.0,0.000000,0.000000,0.000000*33
$CV1,958,32154,0,-1,0.0,0.0,0.0,0.000000,0.000000,0.000000*3D
$CV1,959,32187,0,-1,0.0,0.0,0.0,0.000000,0.000000,0.000000*32
$CV1,0,159,0,-1,0.0,0.0,0.0,0.000000,0.000000,0.000000*35
$CV1,1,239,0,-1,0.0,0.0,0.0,0.000000,0.000000,0.000000*31
$CV1,2,273,0,-1,0.0,0.0,0.0,0.000000,0.000000,0.000000*3C
$CV1,3,307,0,-1,0.0,0.0,0.0,0.000000,0.000000,0.000000*3F
$CV1,4,354,0,-1,0.0,0.0,0.0,0.000000,0.000000,0.000000*3E
$CV1,5,386,0,-1,0.0,0.0,0.0,0.000000,0.000000,0.000000*30
$CV1,6,418,0,-1,0.0,0.0,0.0,0.000000,0.000000,0.000000*33
$CV1,7,450,0,-1,0.0,0.0,0.0,0.000000,0.000000,0.000000*3E
$CV1,8,480,0,-1,0.0,0.0,0.0,0.000000,0.000000,0.000000*3C
$CV1,9,514,0,-1,0.0,0.0,0.0,0.000000,0.000000,0.000000*31
$CV1,10,546,0,-1,0.0,0.0,0.0,0.000000,0.000000,0.000000*0E
$CV1,11,577,0,-1,0.0,0.0,0.0,0.000000,0.000000,0.000000*0D
$CV1,12,609,0,-1,0.0,0.0,0.0,0.000000,0.000000,0.000000*04
$CV1,13,641,0,-1,0.0,0.0,0.0,0.000000,0.000000,0.000000*09
$CV1,14,672,0,-1,0.0,0.0,0.0,0.000000,0.000000,0.000000*0E
$CV1,15,704,0,-1,0.0,0.0,0.0,0.000000,0.000000,0.000000*0F
$CV1,16,753,0,-1,0.0,0.0,0.0,0.000000,0.000000,0.000000*0E
$CV1,17,786,0,-1,0.0,0.0,0.0,0.000000,0.000000,0.000000*07
$CV1,18,816,0,-1,0.0,0.0,0.0,0.000000,0.000000,0.000000*0E
$CV1,19,848,0,-1,0.0,0.0,0.0,0.000000,0.000000,0.000000*04
$CV1,20,879,0,-1,0.0,0.0,0.0,0.000000,0.000000,0.000000*0C
$CV1,21,912,0,-1,0.0,0.0,0.0,0.000000,0.000000,0.000000*01
$CV1,22,943,0,-1,0.0,0.0,0.0,0.000000,0.000000,0.000000*06
$CV1,23,975,0,-1,0.0,0.0,0.0,0.000000,0.000000,0.000000*02
$CV1,24,1007,0,-1,0.0,0.0,0.0,0.000000,0.000000,0.000000*38
$CV1,25,1041,0,-1,0.0,0.0,0.0,0.000000,0.000000,0.000000*3B
$CV1,26,1071,0,-1,0.0,0.0,0.0,0.000000,0.000000,0.000000*3B
$CV1,27,1119,0,-1,0.0,0.0,0.0,0.000000,0.000000,0.000000*35
$CV1,28,1152,0,-1,0.0,0.0,0.0,0.000000,0.000000,0.000000*35
$CV1,29,1182,0,-1,0.0,0.0,0.0,0.000000,0.000000,0.000000*39
$CV1,30,1215,0,-1,0.0,0.0,0.0,0.000000,0.000000,0.000000*3C
$CV1,31,1248,0,-1,0.0,0.0,0.0,0.000000,0.000000,0.000000*35
$CV1,32,1279,0,-1,0.0,0.0,0.0,0.000000,0.000000,0.000000*34
$CV1,33,1311,0,-1,0.0,0.0,0.0,0.000000,0.000000,0.000000*3A
$CV1,34,1342,0,-1,0.0,0.0,0.0,0.000000,0.000000,0.000000*3B
$CV1,35,1375,0,-1,0.0,0.0,0.0,0.000000,0.000000,0.000000*3E
$CV1,36,1406,0,-1,0.0,0.0,0.0,0.000000,0.000000,0.000000*3E
$CV1,37,1438,0,-1,0.0,0.0,0.0,0.000000,0.000000,0.000000*32
$CV1,38,1470,0,-1,0.0,0.0,0.0,0.000000,0.000000,0.000000*31
$CV1,39,1520,0,-1,0.0,0.0,0.0,0.000000,0.000000,0.000000*34
$CV1,40,1552,0,-1,0.0,0.0,0.0,0.000000,0.000000,0.000000*3F
$CV1,41,1583,0,-1,0.0,0.0,0.0,0.000000,0.000000,0.000000*32
$CV1,42,1616,0,-1,0.0,0.0,0.0,0.000000,0.000000,0.000000*3E
$CV1,43,1646,0,-1,0.0,0.0,0.0,0.000000,0.000000,0.000000*3A
$CV1,44,1680,0,-1,0.0,0.0,0.0,0.000000,0.000000,0.000000*37
$CV1,45,1712,0,-1,0.0,0.0,0.0,0.000000,0.000000,0.000000*3C
$CV1,46,1745,0,-1,0.0,0.0,0.0,0.000000,0.000000,0.000000*3D
$CV1,47,1775,0,-1,0.0,0.0,0.0,0.000000,0.000000,0.000000*3F
$CV1,48,1808,0,-1,0.0,0.0,0.0,0.000000,0.000000,0.000000*35
$CV1,49,1841,0,-1,0.0,0.0,0.0,0.000000,0.000000,0.000000*39
$CV1,50,1871,0,-1,0.0,0.0,0.0,0.000000,0.000000,0.000000*32
$CV1,51,1920,0,-1,0.0,0.0,0.0,0.000000,0.000000,0.000000*36
$CV1,52,1952,0,-1,0.0,0.0,0.0,0.000000,0.000000,0.000000*30
$CV1,53,1982,0,-1,0.0,0.0,0.0,0.000000,0.000000,0.000000*3C
$CV1,54,2017,0,-1,0.0,0.0,0.0,0.000000,0.000000,0.000000*3D
$CV1,55,2048,0,-1,0.0,0.0,0.0,0.000000,0.000000,0.000000*36
$CV1,56,2081,0,-1,0.0,0.0,0.0,0.000000,0.000000,0.000000*30
$CV1,57,2113,0,-1,0.0,0.0,0.0,0.000000,0.000000,0.000000*3B
$CV1,58,2143,0,-1,0.0,0.0,0.0,0.000000,0.000000,0.000000*31
$CV1,59,2177,0,-1,0.0,0.0,0.0,0.000000,0.000000,0.000000*37
$CV1,60,2209,0,-1,0.0,0.0,0.0,0.000000,0.000000,0.000000*37
$CV1,61,2241,0,-1,0.0,0.0,0.0,0.000000,0.000000,0.000000*3A
$CV1,62,2275,0,-1,0.0,0.0,0.0,0.000000,0.000000,0.000000*3E
$CV1,63,2319,0,-1,0.0,0.0,0.0,0.000000,0.000000,0.000000*34
$CV1,64,2348,0,-1,0.0,0.0,0.0,0.000000,0.000000,0.000000*37
$CV1,65,2382,0,-1,0.0,0.0,0.0,0.000000,0.000000,0.000000*30
$CV1,66,2414,0,-1,0.0,0.0,0.0,0.000000,0.000000,0.000000*3B
$CV1,67,2444,0,-1,0.0,0.0,0.0,0.000000,0.000000,0.000000*3F
$CV1,68,2476,0,-1,0.0,0.0,0.0,0.000000,0.000000,0.000000*31
$CV1,69,2511,0,-1,0.0,0.0,0.0,0.000000,0.000000,0.000000*30
$CV1,70,2542,0,-1,0.0,0.0,0.0,0.000000,0.000000,0.000000*3E
$CV1,71,2576,0,-1,0.0,0.0,0.0,0.000000,0.000000,0.000000*38
$CV1,72,2606,0,-1,0.0,0.0,0.0,0.000000,0.000000,0.000000*3F
$CV1,73,2637,0,-1,0.0,0.0,0.0,0.000000,0.000000,0.000000*3C
$CV1,74,2683,0,-1,0.0,0.0,0.0,0.000000,0.000000,0.000000*34
$CV1,75,2716,0,-1,0.0,0.0,0.0,0.000000,0.000000,0.000000*38
$CV1,76,2750,0,-1,0.0,0.0,0.0,0.000000,0.000000,0.000000*39
$CV1,77,2781,0,-1,0.0,0.0,0.0,0.000000,0.000000,0.000000*34
$CV1,78,2814,0,-1,0.0,0.0,0.0,0.000000,0.000000,0.000000*38
$CV1,79,2848,0,-1,0.0,0.0,0.0,0.000000,0.000000,0.000000*30
$CV1,80,2873,0,-1,0.0,0.0,0.0,0.000000,0.000000,0.000000*3E
$CV1,81,2906,0,-1,0.0,0.0,0.0,0.000000,0.000000,0.000000*3C
$CV1,82,2939,0,-1,0.0,0.0,0.0,0.000000,0.000000,0.000000*33
$CV1,83,2969,0,-1,0.0,0.0,0.0,0.000000,0.000000,0.000000*37
$CV1,84,3001,0,-1,0.0,0.0,0.0,0.000000,0.000000,0.000000*36
$CV1,85,3034,0,-1,0.0,0.0,0.0,0.000000,0.000000,0.000000*31
$CV1,86,3082,0,-1,0.0,0.0,0.0,0.000000,0.000000,0.000000*3F
$CV1,87,3115,0,-1,0.0,0.0,0.0,0.000000,0.000000,0.000000*31
$CV1,88,3146,0,-1,0.0,0.0,0.0,0.000000,0.000000,0.000000*38
$CV1,89,3178,0,-1,0.0,0.0,0.0,0.000000,0.000000,0.000000*34
$CV1,90,3210,0,-1,0.0,0.0,0.0,0.000000,0.000000,0.000000*31
$CV1,91,3243,0,-1,0.0,0.0,0.0,0.000000,0.000000,0.000000*36
$CV1,92,3275,0,-1,0.0,0.0,0.0,0.000000,0.000000,0.000000*30
$CV1,93,3306,0,-1,0.0,0.0,0.0,0.000000,0.000000,0.000000*34
$CV1,94,3339,0,-1,0.0,0.0,0.0,0.000000,0.000000,0.000000*3F
$CV1,95,3371,0,-1,0.0,0.0,0.0,0.000000,0.000000,0.000000*32
$CV1,96,3403,0,-1,0.0,0.0,0.0,0.000000,0.000000,0.000000*33
$CV1,97,3435,0,-1,0.0,0.0,0.0,0.000000,0.000000,0.000000*37
$CV1,98,3484,0,-1,0.0,0.0,0.0,0.000000,0.000000,0.000000*32
$CV1,99,3517,0,-1,0.0,0.0,0.0,0.000000,0.000000,0.000000*38
$CV1,100,3548,0,-1,0.0,0.0,0.0,0.000000,0.000000,0.000000*03
$CV1,101,3581,0,-1,0.0,0.0,0.0,0.000000,0.000000,0.000000*07
$CV1,102,3613,0,-1,0.0,0.0,0.0,0.000000,0.000000,0.000000*0C
$CV1,103,3643,0,-1,0.0,0.0,0.0,0.000000,0.000000,0.000000*08
$CV1,104,3676,0,-1,0.0,0.0,0.0,0.000000,0.000000,0.000000*09
$CV1,105,3708,0,-1,0.0,0.0,0.0,0.000000,0.000000,0.000000*00
$CV1,106,3742,0,-1,0.0,0.0,0.0,0.000000,0.000000,0.000000*0D
$CV1,107,3773,0,-1,0.0,0.0,0.0,0.000000,0.000000,0.000000*0E
$CV1,108,3807,0,-1,0.0,0.0,0.0,0.000000,0.000000,0.000000*0D
$CV1,109,3854,0,-1,0.0,0.0,0.0,0.000000,0.000000,0.000000*0A
$CV1,110,3887,0,-1,0.0,0.0,0.0,0.000000,0.000000,0.000000*0C
$CV1,111,3920,0,-1,0.0,0.0,0.0,0.000000,0.000000,0.000000*01
$CV1,112,3950,0,-1,0.0,0.0,0.0,0.000000,0.000000,0.000000*05
$CV1,113,3982,0,-1,0.0,0.0,0.0,0.000000,0.000000,0.000000*0B
$CV1,114,4016,0,-1,0.0,0.0,0.0,0.000000,0.000000,0.000000*0F
$CV1,115,4047,0,-1,0.0,0.0,0.0,0.000000,0.000000,0.000000*0A
$CV1,116,4081,0,-1,0.0,0.0,0.0,0.000000,0.000000,0.000000*03
$CV1,117,4111,0,-1,0.0,0.0,0.0,0.000000,0.000000,0.000000*0A
$CV1,118,4146,0,-1,0.0,0.0,0.0,0.000000,0.000000,0.000000*07
$CV1,119,4176,0,-1,0.0,0.0,0.0,0.000000,0.000000,0.000000*05
$CV1,120,4207,0,-1,0.0,0.0,0.0,0.000000,0.000000,0.000000*0A
$CV1,121,4255,0,-1,0.0,0.0,0.0,0.000000,0.000000,0.000000*0C
$CV1,122,4286,0,-1,0.0,0.0,0.0,0.000000,0.000000,0.000000*01
$CV1,123,4319,0,-1,0.0,0.0,0.0,0.000000,0.000000,0.000000*07
$CV1,124,4352,0,-1,0.0,0.0,0.0,0.000000,0.000000,0.000000*0F
$CV1,125,4386,0,-1,0.0,0.0,0.0,0.000000,0.000000,0.000000*07
$CV1,126,4415,0,-1,0.0,0.0,0.0,0.000000,0.000000,0.000000*09
$CV1,127,4447,0,-1,0.0,0.0,0.0,0.000000,0.000000,0.000000*0F
$CV1,128,4480,0,-1,0.0,0.0,0.0,0.000000,0.000000,0.000000*0B
$CV1,129,4512,0,-1,0.0,0.0,0.0,0.000000,0.000000,0.000000*00
$CV1,130,4545,0,-1,0.0,0.0,0.0,0.000000,0.000000,0.000000*0A
$CV1,131,4573,0,-1,0.0,0.0,0.0,0.000000,0.000000,0.000000*0E
$CV1,132,4608,0,-1,0.0,0.0,0.0,0.000000,0.000000,0.000000*02
$CV1,133,4654,0,-1,0.0,0.0,0.0,0.000000,0.000000,0.000000*0A
$CV1,134,4687,0,-1,0.0,0.0,0.0,0.000000,0.000000,0.000000*03
$CV1,135,4719,0,-1,0.0,0.0,0.0,0.000000,0.000000,0.000000*04
$CV1,136,4750,0,-1,0.0,0.0,0.0,0.000000,0.000000,0.000000*0A
$CV1,137,4783,0,-1,0.0,0.0,0.0,0.000000,0.000000,0.000000*05
$CV1,138,4815,0,-1,0.0,0.0,0.0,0.000000,0.000000,0.000000*0A
$CV1,139,4866,0,-1,0.0,0.0,0.0,0.000000,0.000000,0.000000*0F
$CV1,140,4880,0,-1,0.0,0.0,0.0,0.000000,0.000000,0.000000*09
$CV1,141,4911,0,-1,0.0,0.0,0.0,0.000000,0.000000,0.000000*01
$CV1,142,4944,0,-1,0.0,0.0,0.0,0.000000,0.000000,0.000000*02
$CV1,143,4975,0,-1,0.0,0.0,0.0,0.000000,0.000000,0.000000*01
$CV1,144,5007,0,-1,0.0,0.0,0.0,0.000000,0.000000,0.000000*0B
$CV1,145,5054,0,-1,0.0,0.0,0.0,0.000000,0.000000,0.000000*0C
$CV1,146,5087,0,-1,0.0,0.0,0.0,0.000000,0.000000,0.000000*01
$CV1,147,5118,0,-1,0.0,0.0,0.0,0.000000,0.000000,0.000000*07
$CV1,148,5148,0,-1,0.0,0.0,0.0,0.000000,0.000000,0.000000*0D
$CV1,149,5183,0,-1,0.0,0.0,0.0,0.000000,0.000000,0.000000*0B
$CV1,150,5212,0,-1,0.0,0.0,0.0,0.000000,0.000000,0.000000*08
$CV1,151,5247,0,-1,0.0,0.0,0.0,0.000000,0.000000,0.000000*09
$CV1,152,5277,0,-1,0.0,0.0,0.0,0.000000,0.000000,0.000000*09
$CV1,153,5308,0,-1,0.0,0.0,0.0,0.000000,0.000000,0.000000*01
$CV1,154,5342,0,-1,0.0,0.0,0.0,0.000000,0.000000,0.000000*08
$CV1,155,5372,0,-1,0.0,0.0,0.0,0.000000,0.000000,0.000000*0A
$CV1,156,5421,0,-1,0.0,0.0,0.0,0.000000,0.000000,0.000000*08
$CV1,157,5456,0,-1,0.0,0.0,0.0,0.000000,0.000000,0.000000*09
$CV1,158,5486,0,-1,0.0,0.0,0.0,0.000000,0.000000,0.000000*0B
$CV1,159,5518,0,-1,0.0,0.0,0.0,0.000000,0.000000,0.000000*0C
$CV1,160,5550,0,-1,0.0,0.0,0.0,0.000000,0.000000,0.000000*0A
$CV1,161,5583,0,-1,0.0,0.0,0.0,0.000000,0.000000,0.000000*05
$CV1,162,5614,0,-1,0.0,0.0,0.0,0.000000,0.000000,0.000000*0B
$CV1,163,5645,0,-1,0.0,0.0,0.0,0.000000,0.000000,0.000000*0E
$CV1,164,5678,0,-1,0.0,0.0,0.0,0.000000,0.000000,0.000000*07
$CV1,165,5710,0,-1,0.0,0.0,0.0,0.000000,0.000000,0.000000*09
$CV1,166,5741,0,-1,0.0,0.0,0.0,0.000000,0.000000,0.000000*0E
$CV1,167,5773,0,-1,0.0,0.0,0.0,0.000000,0.000000,0.000000*0E
$CV1,168,5821,0,-1,0.0,0.0,0.0,0.000000,0.000000,0.000000*09
$CV1,169,5853,0,-1,0.0,0.0,0.0,0.000000,0.000000,0.000000*0D
$CV1,170,5885,0,-1,0.0,0.0,0.0,0.000000,0.000000,0.000000*0E
$CV1,171,5916,0,-1,0.0,0.0,0.0,0.000000,0.000000,0.000000*04
$CV1,172,5949,0,-1,0.0,0.0,0.0,0.000000,0.000000,0.000000*0D
$CV1,173,5980,0,-1,0.0,0.0,0.0,0.000000,0.000000,0.000000*09
$CV1,174,6011,0,-1,0.0,0.0,0.0,0.000000,0.000000,0.000000*0C
$CV1,175,6045,0,-1,0.0,0.0,0.0,0.000000,0.000000,0.000000*0C
$CV1,176,6076,0,-1,0.0,0.0,0.0,0.000000,0.000000,0.000000*0F
$CV1,177,6106,0,-1,0.0,0.0,0.0,0.000000,0.000000,0.000000*08
$CV1,178,6139,0,-1,0.0,0.0,0.0,0.000000,0.000000,0.000000*0B
$CV1,179,6170,0,-1,0.0,0.0,0.0,0.000000,0.000000,0.000000*07
$CV1,180,6218,0,-1,0.0,0.0,0.0,0.000000,0.000000,0.000000*0C
$CV1,181,6249,0,-1,0.0,0.0,0.0,0.000000,0.000000,0.000000*09
$CV1,182,6282,0,-1,0.0,0.0,0.0,0.000000,0.000000,0.000000*0D
$CV1,183,6314,0,-1,0.0,0.0,0.0,0.000000,0.000000,0.000000*02
$CV1,184,6346,1,0,-211.4,-153.2,689.0,-2.954300,-0.042766,0.137417*24
$CV1,185,6378,1,0,-207.0,-154.9,708.9,-3.016844,0.012829,-0.133314*22
$CV1,186,6410,1,0,-184.4,-129.3,649.2,-2.921728,-0.008231,0.372584*22
$CV1,187,6441,1,0,-186.1,-117.9,685.7,-2.927302,-0.016211,0.219781*2E
$CV1,188,6473,1,0,-185.4,-114.7,689.5,3.056968,-0.013800,-0.235554*26
$CV1,189,6506,1,0,-195.9,-115.9,705.7,3.109724,-0.035352,-0.144929*26
$CV1,190,6538,1,0,-192.9,-105.5,676.0,3.061770,-0.015262,-0.280401*29
$CV1,191,6570,1,0,-203.2,-106.3,700.0,3.083903,-0.025032,-0.125653*2A
$CV1,192,6617,1,0,-201.5,-98.3,679.1,-3.126249,0.006587,0.266081*37
$CV1,193,6651,1,0,-207.7,-97.1,702.6,-3.131070,0.008462,0.140243*36
$CV1,194,6682,1,0,-209.1,-96.0,701.1,3.096297,-0.008605,-0.130896*1F
$CV1,195,6715,1,0,-212.7,-97.5,707.6,-3.140147,0.027612,0.086666*37
$CV1,196,6746,1,0,-209.1,-96.1,703.8,-3.104815,0.015990,0.113469*3B
$CV1,197,6778,1,0,-210.0,-98.5,710.2,3.122564,-0.011337,-0.095463*18
$CV1,198,6811,1,0,-209.2,-101.4,703.7,3.133366,-0.029748,-0.106997*24
$CV1,199,6841,1,0,-207.1,-98.5,699.0,-3.131005,0.010543,0.141585*3E
$CV1,200,6875,1,0,-209.5,-100.4,707.0,3.108875,-0.023396,-0.087745*24
$CV1,201,6906,1,0,-208.7,-100.9,702.8,-3.134325,0.024098,0.112848*0A
$CV1,202,6939,1,0,-206.2,-98.5,699.2,-3.096284,0.018611,0.130568*3F
$CV1,203,6987,1,0,-204.8,-98.5,701.8,-3.121112,0.024135,0.123265*3E
$CV1,204,7018,1,0,-203.5,-97.2,702.3,-3.113174,0.036563,0.111980*39
$CV1,205,7050,1,0,-199.4,-94.3,695.6,-3.102298,0.022302,0.163615*3E
$CV1,206,7081,1,0,-201.1,-96.2,710.0,-3.139712,0.060543,0.061128*3F
$CV1,207,7113,1,0,-189.8,-87.7,677.0,-3.022905,0.038156,0.272744*39
$CV1,208,7146,1,0,-192.6,-86.6,703.9,-3.134051,0.035428,0.136093*38
$CV1,209,7177,1,0,-197.2,-91.5,712.6,3.090994,-0.048929,-0.060271*18
$CV1,210,7210,1,0,-198.0,-92.5,702.7,3.128853,-0.059908,-0.136471*13
$CV1,211,7242,1,0,-198.9,-92.3,703.5,3.109996,-0.037449,-0.113202*17
$CV1,212,7275,1,0,-204.0,-96.5,711.2,3.094566,-0.048591,-0.072755*12
$CV1,213,7306,1,0,-203.3,-96.4,699.0,3.125344,-0.035243,-0.140392*10
$CV1,214,7338,1,0,-209.1,-99.9,709.9,3.085178,-0.006091,-0.032023*17
$CV1,215,7386,1,0,-215.4,-105.9,704.6,3.137735,-0.043342,-0.089709*29
$CV1,216,7417,1,0,-205.4,-97.7,675.6,-3.023270,0.020119,0.225753*38
$CV1,217,7449,1,0,-208.2,-98.6,701.6,-3.127764,0.013893,0.113670*3D
$CV1,218,7482,1,0,-209.3,-102.0,698.8,-3.135834,0.039537,0.123161*08
$CV1,219,7514,1,0,-206.8,-101.0,700.8,-3.062053,0.031070,0.085680*01
$CV1,220,7546,1,0,-202.9,-98.6,694.1,3.121496,-0.013403,-0.143400*1C
$CV1,221,7578,1,0,-209.6,-104.4,710.8,-3.139289,0.043055,0.053640*0E
$CV1,222,7610,1,0,-200.5,-98.4,679.7,-3.070449,0.026077,0.220216*3B
$CV1,223,7643,1,0,-203.4,-99.2,697.7,3.138823,-0.023546,-0.121728*11
$CV1,224,7674,1,0,-204.9,-100.9,697.7,3.130453,-0.031506,-0.102805*27
$CV1,225,7706,1,0,-203.7,-98.8,690.8,-3.116177,0.030437,0.147931*3D
$CV1,226,7738,1,0,-203.6,-98.6,694.6,3.128436,-0.026931,-0.121712*15
$CV1,227,7787,1,0,-206.3,-101.3,695.3,3.109549,-0.032134,-0.091676*2B
$CV1,228,7818,1,0,-207.4,-101.4,687.9,3.093518,-0.026593,-0.099265*21
$CV1,229,7851,1,0,-212.4,-103.6,693.0,3.100376,-0.021059,-0.075905*2B
$CV1,230,7882,0,-1,0.0,0.0,0.0,0.000000,0.000000,0.000000*0C
$CV1,231,7914,0,-1,0.0,0.0,0.0,0.000000,0.000000,0.000000*03
$CV1,232,7947,0,-1,0.0,0.0,0.0,0.000000,0.000000,0.000000*06
$CV1,233,7978,0,-1,0.0,0.0,0.0,0.000000,0.000000,0.000000*0B
$CV1,234,8010,0,-1,0.0,0.0,0.0,0.000000,0.000000,0.000000*04
$CV1,235,8041,0,-1,0.0,0.0,0.0,0.000000,0.000000,0.000000*01
$CV1,236,8074,0,-1,0.0,0.0,0.0,0.000000,0.000000,0.000000*04
$CV1,237,8107,0,-1,0.0,0.0,0.0,0.000000,0.000000,0.000000*00
$CV1,238,8154,0,-1,0.0,0.0,0.0,0.000000,0.000000,0.000000*09
$CV1,239,8184,0,-1,0.0,0.0,0.0,0.000000,0.000000,0.000000*05
$CV1,240,8219,0,-1,0.0,0.0,0.0,0.000000,0.000000,0.000000*0C
$CV1,241,8249,0,-1,0.0,0.0,0.0,0.000000,0.000000,0.000000*08
$CV1,242,8282,0,-1,0.0,0.0,0.0,0.000000,0.000000,0.000000*0C
$CV1,243,8313,0,-1,0.0,0.0,0.0,0.000000,0.000000,0.000000*04
$CV1,244,8346,0,-1,0.0,0.0,0.0,0.000000,0.000000,0.000000*03
$CV1,245,8379,0,-1,0.0,0.0,0.0,0.000000,0.000000,0.000000*0E
$CV1,246,8410,0,-1,0.0,0.0,0.0,0.000000,0.000000,0.000000*05
$CV1,247,8441,0,-1,0.0,0.0,0.0,0.000000,0.000000,0.000000*00
$CV1,248,8473,0,-1,0.0,0.0,0.0,0.000000,0.000000,0.000000*0E
$CV1,249,8505,0,-1,0.0,0.0,0.0,0.000000,0.000000,0.000000*0F
$CV1,250,8553,0,-1,0.0,0.0,0.0,0.000000,0.000000,0.000000*04
$CV1,251,8586,1,0,-211.7,-121.5,692.4,3.122295,0.016934,-0.037545*03
$CV1,252,8617,1,0,-204.9,-121.0,682.3,-3.057583,-0.004553,0.056075*23
$CV1,253,8649,1,0,-196.3,-113.1,679.1,-2.939348,-0.036558,0.065701*22
$CV1,254,8682,1,0,-190.2,-111.7,685.5,-3.057650,-0.011624,0.068318*26
$CV1,255,8712,1,0,-186.9,-109.5,688.4,-3.082997,-0.006819,0.099308*21
$CV1,256,8746,1,0,-184.5,-112.1,697.7,-3.108224,0.029846,0.027588*0F
$CV1,257,8776,0,-1,0.0,0.0,0.0,0.000000,0.000000,0.000000*06
$CV1,258,8808,0,-1,0.0,0.0,0.0,0.000000,0.000000,0.000000*0F
$CV1,259,8841,0,-1,0.0,0.0,0.0,0.000000,0.000000,0.000000*03
$CV1,260,8873,0,-1,0.0,0.0,0.0,0.000000,0.000000,0.000000*08
$CV1,261,8905,0,-1,0.0,0.0,0.0,0.000000,0.000000,0.000000*09
$CV1,262,8952,0,-1,0.0,0.0,0.0,0.000000,0.000000,0.000000*08
$CV1,263,8986,0,-1,0.0,0.0,0.0,0.000000,0.000000,0.000000*00
$CV1,264,9018,0,-1,0.0,0.0,0.0,0.000000,0.000000,0.000000*08
$CV1,265,9049,0,-1,0.0,0.0,0.0,0.000000,0.000000,0.000000*0D
$CV1,266,9080,0,-1,0.0,0.0,0.0,0.000000,0.000000,0.000000*0B
$CV1,267,9113,0,-1,0.0,0.0,0.0,0.000000,0.000000,0.000000*01
$CV1,268,9144,0,-1,0.0,0.0,0.0,0.000000,0.000000,0.000000*0C
$CV1,269,9177,0,-1,0.0,0.0,0.0,0.000000,0.000000,0.000000*0D
$CV1,270,9208,0,-1,0.0,0.0,0.0,0.000000,0.000000,0.000000*0E
$CV1,271,9240,0,-1,0.0,0.0,0.0,0.000000,0.000000,0.000000*03
$CV1,272,9273,0,-1,0.0,0.0,0.0,0.000000,0.000000,0.000000*00
$CV1,273,9305,0,-1,0.0,0.0,0.0,0.000000,0.000000,0.000000*01
$CV1,274,9352,0,-1,0.0,0.0,0.0,0.000000,0.000000,0.000000*04
$CV1,275,9385,0,-1,0.0,0.0,0.0,0.000000,0.000000,0.000000*0F
$CV1,276,9416,0,-1,0.0,0.0,0.0,0.000000,0.000000,0.000000*01
$CV1,277,9449,0,-1,0.0,0.0,0.0,0.000000,0.000000,0.000000*0A
$CV1,278,9481,0,-1,0.0,0.0,0.0,0.000000,0.000000,0.000000*01
$CV1,279,9514,0,-1,0.0,0.0,0.0,0.000000,0.000000,0.000000*0D
$CV1,280,9544,0,-1,0.0,0.0,0.0,0.000000,0.000000,0.000000*0E
$CV1,281,9578,0,-1,0.0,0.0,0.0,0.000000,0.000000,0.000000*00
$CV1,282,9610,0,-1,0.0,0.0,0.0,0.000000,0.000000,0.000000*0E
$CV1,283,9642,0,-1,0.0,0.0,0.0,0.000000,0.000000,0.000000*08
$CV1,284,9674,0,-1,0.0,0.0,0.0,0.000000,0.000000,0.000000*0A
$CV1,285,9721,0,-1,0.0,0.0,0.0,0.000000,0.000000,0.000000*0A
$CV1,286,9754,0,-1,0.0,0.0,0.0,0.000000,0.000000,0.000000*0B
$CV1,287,9785,0,-1,0.0,0.0,0.0,0.000000,0.000000,0.000000*06
$CV1,288,9817,1,0,-154.3,-84.5,703.1,3.094212,0.029865,-0.051291*33
$CV1,289,9850,1,0,-151.8,-84.5,681.6,3.125444,0.081648,-0.216060*33
$CV1,290,9881,1,0,-158.1,-90.9,703.7,3.029428,0.079378,-0.009252*3D
$CV1,291,9915,1,0,-165.0,-109.7,699.6,3.111729,0.039367,-0.045079*02
$CV1,292,9946,1,0,-158.8,-105.5,679.8,-3.014118,-0.080867,0.178996*2C
$CV1,293,9978,1,0,-159.3,-109.6,697.3,3.085535,0.105120,-0.087549*09
$CV1,294,10011,1,0,-167.0,-121.8,695.6,3.132065,0.054164,-0.104672*34
$CV1,295,10042,1,0,-158.7,-110.6,660.1,-3.023361,-0.095844,0.302422*17
$CV1,296,10074,1,0,-164.3,-115.1,699.1,3.095878,0.104479,-0.092470*3B
$CV1,297,10122,1,0,-170.0,-121.3,692.2,-3.128653,-0.070320,0.128532*10
$CV1,298,10154,1,0,-165.2,-113.2,674.2,-3.023550,-0.102442,0.216921*1D
$CV1,299,10185,1,0,-168.5,-117.2,697.8,3.082536,0.104835,-0.078302*34
$CV1,300,10219,1,0,-171.5,-119.0,688.6,-3.132625,-0.081984,0.151889*14
$CV1,301,10249,1,0,-169.6,-114.7,685.3,-3.035003,-0.101205,0.165384*16
$CV1,302,10281,1,0,-168.7,-113.6,689.4,3.117225,0.101739,-0.135425*35
$CV1,303,10314,1,0,-173.9,-120.3,697.8,3.138045,0.080001,-0.089972*3F
$CV1,304,10345,1,0,-169.6,-114.6,678.3,-3.082277,-0.103320,0.209124*15
$CV1,305,10380,1,0,-171.7,-115.1,692.2,3.132636,0.102161,-0.125186*33
$CV1,306,10408,1,0,-176.8,-119.1,697.3,3.078108,0.102299,-0.080426*37
$CV1,307,10443,1,0,-178.8,-119.2,689.3,-3.105976,-0.093633,0.146020*18
$CV1,308,10475,1,0,-179.2,-118.5,695.9,-3.113880,-0.116251,0.106975*16
$CV1,309,10520,1,0,-183.9,-125.0,709.0,3.101601,0.109571,-0.027615*37
$CV1,310,10555,1,0,-185.2,-129.0,692.4,-3.129625,-0.092803,0.113495*1D
$CV1,311,10585,1,0,-184.3,-126.8,693.8,-3.093644,-0.110826,0.121476*1C
$CV1,312,10618,1,0,-185.0,-132.4,705.5,3.118222,0.101092,-0.045881*3B
$CV1,313,10651,1,0,-182.5,-133.9,691.6,-3.132089,-0.113971,0.132229*1E
$CV1,314,10681,1,0,-184.5,-136.5,699.4,-3.130197,-0.116547,0.079007*11
$CV1,315,10713,1,0,-184.3,-138.5,694.5,3.123099,0.128743,-0.094380*3A
$CV1,316,10748,1,0,-185.2,-138.9,690.1,-3.126623,-0.128348,0.117061*1D
$CV1,317,10780,1,0,-183.4,-139.0,685.5,-3.061580,-0.164447,0.148726*16
$CV1,318,10811,1,0,-186.3,-142.8,693.7,-3.091023,-0.155124,0.120504*10
$CV1,319,10844,1,0,-183.5,-140.1,682.8,-3.070704,-0.157407,0.190110*17
$CV1,320,10889,1,0,-184.7,-140.9,690.2,-3.068852,-0.164390,0.126357*18
$CV1,321,10922,1,0,-186.6,-143.5,694.3,-3.104763,-0.156984,0.123390*16
$CV1,322,10955,1,0,-186.5,-142.5,690.7,-3.104967,-0.142970,0.136427*1C
$CV1,323,10986,1,0,-186.6,-143.0,693.5,-3.089802,-0.166133,0.132550*1F
$CV1,324,11018,1,0,-189.9,-146.6,697.6,-3.126237,-0.144003,0.106821*15
$CV1,325,11049,1,0,-189.7,-145.4,693.8,-3.103700,-0.146497,0.136638*1D
$CV1,326,11083,1,0,-190.0,-146.6,699.7,-3.107742,-0.150623,0.125793*19
$CV1,327,11115,1,0,-191.4,-149.6,706.6,-3.117135,-0.140318,0.076229*12
$CV1,328,11147,1,0,-189.9,-149.4,703.9,-3.079516,-0.146874,0.106597*19
$CV1,329,11179,1,0,-190.6,-152.7,712.9,-3.123072,-0.154025,0.073285*1A
$CV1,330,11211,1,0,-183.7,-151.1,683.2,-3.123514,-0.139101,0.259408*1B
$CV1,331,11242,1,0,-189.0,-152.4,708.6,-3.067108,-0.162739,0.113252*1E
$CV1,332,11290,1,0,-189.3,-153.2,710.5,-3.107909,-0.169980,0.098716*12
$CV1,333,11323,1,0,-185.2,-152.9,685.9,-3.119824,-0.141477,0.222533*14
$CV1,334,11354,1,0,-182.7,-149.0,676.6,-3.098299,-0.151972,0.282818*12
$CV1,335,11388,1,0,-192.0,-155.4,715.6,-3.098080,-0.159107,0.053685*15
$CV1,336,11417,1,0,-185.7,-153.2,684.1,-3.115400,-0.147779,0.207331*19
$CV1,337,11451,0,-1,0.0,0.0,0.0,0.000000,0.000000,0.000000*3F
$CV1,338,11482,0,-1,0.0,0.0,0.0,0.000000,0.000000,0.000000*3E
$CV1,339,11514,0,-1,0.0,0.0,0.0,0.000000,0.000000,0.000000*31
$CV1,340,11546,0,-1,0.0,0.0,0.0,0.000000,0.000000,0.000000*38
$CV1,341,11578,0,-1,0.0,0.0,0.0,0.000000,0.000000,0.000000*34
$CV1,342,11610,0,-1,0.0,0.0,0.0,0.000000,0.000000,0.000000*3A
$CV1,343,11643,0,-1,0.0,0.0,0.0,0.000000,0.000000,0.000000*3D
$CV1,344,11691,0,-1,0.0,0.0,0.0,0.000000,0.000000,0.000000*35
$CV1,345,11721,1,0,-181.8,-153.0,688.9,-3.106351,-0.137107,0.201124*1F
$CV1,346,11754,0,-1,0.0,0.0,0.0,0.000000,0.000000,0.000000*3F
$CV1,347,11786,0,-1,0.0,0.0,0.0,0.000000,0.000000,0.000000*31
$CV1,348,11817,0,-1,0.0,0.0,0.0,0.000000,0.000000,0.000000*39
$CV1,349,11851,0,-1,0.0,0.0,0.0,0.000000,0.000000,0.000000*3A
$CV1,350,11882,0,-1,0.0,0.0,0.0,0.000000,0.000000,0.000000*3C
$CV1,351,11913,0,-1,0.0,0.0,0.0,0.000000,0.000000,0.000000*34
$CV1,352,11946,0,-1,0.0,0.0,0.0,0.000000,0.000000,0.000000*37
$CV1,353,11977,0,-1,0.0,0.0,0.0,0.000000,0.000000,0.000000*34
$CV1,354,12010,0,-1,0.0,0.0,0.0,0.000000,0.000000,0.000000*38
$CV1,355,12044,0,-1,0.0,0.0,0.0,0.000000,0.000000,0.000000*38
$CV1,356,12089,0,-1,0.0,0.0,0.0,0.000000,0.000000,0.000000*3A
$CV1,357,12120,0,-1,0.0,0.0,0.0,0.000000,0.000000,0.000000*39
$CV1,358,12153,0,-1,0.0,0.0,0.0,0.000000,0.000000,0.000000*32
$CV1,359,12186,0,-1,0.0,0.0,0.0,0.000000,0.000000,0.000000*3B
$CV1,360,12217,0,-1,0.0,0.0,0.0,0.000000,0.000000,0.000000*3A
$CV1,361,12251,0,-1,0.0,0.0,0.0,0.000000,0.000000,0.000000*39
$CV1,362,12282,0,-1,0.0,0.0,0.0,0.000000,0.000000,0.000000*34
$CV1,363,12314,0,-1,0.0,0.0,0.0,0.000000,0.000000,0.000000*3B
$CV1,364,12346,0,-1,0.0,0.0,0.0,0.000000,0.000000,0.000000*3B
$CV1,365,12378,0,-1,0.0,0.0,0.0,0.000000,0.000000,0.000000*37
$CV1,366,12409,0,-1,0.0,0.0,0.0,0.000000,0.000000,0.000000*35
$CV1,367,12456,0,-1,0.0,0.0,0.0,0.000000,0.000000,0.000000*3E
$CV1,368,12489,0,-1,0.0,0.0,0.0,0.000000,0.000000,0.000000*33
$CV1,369,12521,0,-1,0.0,0.0,0.0,0.000000,0.000000,0.000000*31
$CV1,370,12552,0,-1,0.0,0.0,0.0,0.000000,0.000000,0.000000*3D
$CV1,371,12585,0,-1,0.0,0.0,0.0,0.000000,0.000000,0.000000*36
$CV1,372,12618,0,-1,0.0,0.0,0.0,0.000000,0.000000,0.000000*32
$CV1,373,12648,0,-1,0.0,0.0,0.0,0.000000,0.000000,0.000000*36
$CV1,374,12681,0,-1,0.0,0.0,0.0,0.000000,0.000000,0.000000*34
$CV1,375,12714,0,-1,0.0,0.0,0.0,0.000000,0.000000,0.000000*38
$CV1,376,12744,0,-1,0.0,0.0,0.0,0.000000,0.000000,0.000000*3E
$CV1,377,12778,0,-1,0.0,0.0,0.0,0.000000,0.000000,0.000000*30
$CV1,378,12809,0,-1,0.0,0.0,0.0,0.000000,0.000000,0.000000*36
$CV1,379,12858,0,-1,0.0,0.0,0.0,0.000000,0.000000,0.000000*33
$CV1,380,12889,0,-1,0.0,0.0,0.0,0.000000,0.000000,0.000000*39
$CV1,381,12923,0,-1,0.0,0.0,0.0,0.000000,0.000000,0.000000*39
$CV1,382,12954,0,-1,0.0,0.0,0.0,0.000000,0.000000,0.000000*3A
$CV1,383,12986,0,-1,0.0,0.0,0.0,0.000000,0.000000,0.000000*34
$CV1,384,13019,0,-1,0.0,0.0,0.0,0.000000,0.000000,0.000000*3D
$CV1,385,13051,0,-1,0.0,0.0,0.0,0.000000,0.000000,0.000000*30
$CV1,386,13083,0,-1,0.0,0.0,0.0,0.000000,0.000000,0.000000*3C
$CV1,387,13116,0,-1,0.0,0.0,0.0,0.000000,0.000000,0.000000*30
$CV1,388,13148,0,-1,0.0,0.0,0.0,0.000000,0.000000,0.000000*34
$CV1,389,13180,0,-1,0.0,0.0,0.0,0.000000,0.000000,0.000000*31
$CV1,390,13211,0,-1,0.0,0.0,0.0,0.000000,0.000000,0.000000*32
$CV1,391,13259,0,-1,0.0,0.0,0.0,0.000000,0.000000,0.000000*3F
$CV1,392,13291,0,-1,0.0,0.0,0.0,0.000000,0.000000,0.000000*38
$CV1,393,13324,0,-1,0.0,0.0,0.0,0.000000,0.000000,0.000000*36
$CV1,394,13356,0,-1,0.0,0.0,0.0,0.000000,0.000000,0.000000*34
$CV1,395,13389,0,-1,0.0,0.0,0.0,0.000000,0.000000,0.000000*37
$CV1,396,13421,0,-1,0.0,0.0,0.0,0.000000,0.000000,0.000000*31
$CV1,397,13452,0,-1,0.0,0.0,0.0,0.000000,0.000000,0.000000*34
$CV1,398,13485,0,-1,0.0,0.0,0.0,0.000000,0.000000,0.000000*31
$CV1,399,13517,0,-1,0.0,0.0,0.0,0.000000,0.000000,0.000000*3A
$CV1,400,13549,0,-1,0.0,0.0,0.0,0.000000,0.000000,0.000000*36
$CV1,401,13581,0,-1,0.0,0.0,0.0,0.000000,0.000000,0.000000*33
$CV1,402,13614,0,-1,0.0,0.0,0.0,0.000000,0.000000,0.000000*3F
$CV1,403,13660,0,-1,0.0,0.0,0.0,0.000000,0.000000,0.000000*3D
$CV1,404,13690,0,-1,0.0,0.0,0.0,0.000000,0.000000,0.000000*35
$CV1,405,13724,0,-1,0.0,0.0,0.0,0.000000,0.000000,0.000000*3A
$CV1,406,13757,0,-1,0.0,0.0,0.0,0.000000,0.000000,0.000000*3D
$CV1,407,13788,0,-1,0.0,0.0,0.0,0.000000,0.000000,0.000000*3E
$CV1,408,13820,0,-1,0.0,0.0,0.0,0.000000,0.000000,0.000000*3C
$CV1,409,13851,0,-1,0.0,0.0,0.0,0.000000,0.000000,0.000000*3B
$CV1,410,13884,0,-1,0.0,0.0,0.0,0.000000,0.000000,0.000000*3B
$CV1,411,13915,0,-1,0.0,0.0,0.0,0.000000,0.000000,0.000000*33
$CV1,412,13949,0,-1,0.0,0.0,0.0,0.000000,0.000000,0.000000*39
$CV1,413,13981,0,-1,0.0,0.0,0.0,0.000000,0.000000,0.000000*3C
$CV1,414,14026,0,-1,0.0,0.0,0.0,0.000000,0.000000,0.000000*38
$CV1,415,14059,0,-1,0.0,0.0,0.0,0.000000,0.000000,0.000000*31
$CV1,416,14090,0,-1,0.0,0.0,0.0,0.000000,0.000000,0.000000*37
$CV1,417,14121,0,-1,0.0,0.0,0.0,0.000000,0.000000,0.000000*3D
$CV1,418,14152,0,-1,0.0,0.0,0.0,0.000000,0.000000,0.000000*36
$CV1,419,14184,0,-1,0.0,0.0,0.0,0.000000,0.000000,0.000000*3C
$CV1,420,14217,0,-1,0.0,0.0,0.0,0.000000,0.000000,0.000000*3F
$CV1,421,14249,0,-1,0.0,0.0,0.0,0.000000,0.000000,0.000000*35
$CV1,422,14280,0,-1,0.0,0.0,0.0,0.000000,0.000000,0.000000*33
$CV1,423,14312,0,-1,0.0,0.0,0.0,0.000000,0.000000,0.000000*38
$CV1,424,14345,0,-1,0.0,0.0,0.0,0.000000,0.000000,0.000000*3D
$CV1,425,14376,0,-1,0.0,0.0,0.0,0.000000,0.000000,0.000000*3C
$CV1,426,14423,0,-1,0.0,0.0,0.0,0.000000,0.000000,0.000000*38
$CV1,427,14456,0,-1,0.0,0.0,0.0,0.000000,0.000000,0.000000*3B
$CV1,428,14488,0,-1,0.0,0.0,0.0,0.000000,0.000000,0.000000*37
$CV1,429,14520,0,-1,0.0,0.0,0.0,0.000000,0.000000,0.000000*35
$CV1,430,14552,0,-1,0.0,0.0,0.0,0.000000,0.000000,0.000000*38
$CV1,431,14584,0,-1,0.0,0.0,0.0,0.000000,0.000000,0.000000*32
$CV1,432,14616,0,-1,0.0,0.0,0.0,0.000000,0.000000,0.000000*39
$CV1,433,14649,0,-1,0.0,0.0,0.0,0.000000,0.000000,0.000000*32
$CV1,434,14681,0,-1,0.0,0.0,0.0,0.000000,0.000000,0.000000*31
$CV1,435,14712,0,-1,0.0,0.0,0.0,0.000000,0.000000,0.000000*3B
$CV1,436,14744,0,-1,0.0,0.0,0.0,0.000000,0.000000,0.000000*3B
$CV1,437,14776,0,-1,0.0,0.0,0.0,0.000000,0.000000,0.000000*3B
$CV1,438,14825,0,-1,0.0,0.0,0.0,0.000000,0.000000,0.000000*3D
$CV1,439,14855,0,-1,0.0,0.0,0.0,0.000000,0.000000,0.000000*3B
$CV1,440,14888,0,-1,0.0,0.0,0.0,0.000000,0.000000,0.000000*35
$CV1,441,14921,0,-1,0.0,0.0,0.0,0.000000,0.000000,0.000000*36
$CV1,442,14952,0,-1,0.0,0.0,0.0,0.000000,0.000000,0.000000*31
$CV1,443,14986,0,-1,0.0,0.0,0.0,0.000000,0.000000,0.000000*39
$CV1,444,15016,0,-1,0.0,0.0,0.0,0.000000,0.000000,0.000000*3F
$CV1,445,15049,0,-1,0.0,0.0,0.0,0.000000,0.000000,0.000000*34
$CV1,446,15081,0,-1,0.0,0.0,0.0,0.000000,0.000000,0.000000*33
$CV1,447,15112,0,-1,0.0,0.0,0.0,0.000000,0.000000,0.000000*39
$CV1,448,15144,0,-1,0.0,0.0,0.0,0.000000,0.000000,0.000000*35
$CV1,449,15193,0,-1,0.0,0.0,0.0,0.000000,0.000000,0.000000*3E
$CV1,450,15224,0,-1,0.0,0.0,0.0,0.000000,0.000000,0.000000*39
$CV1,451,15257,0,-1,0.0,0.0,0.0,0.000000,0.000000,0.000000*3C
$CV1,452,15289,0,-1,0.0,0.0,0.0,0.000000,0.000000,0.000000*3C
$CV1,453,15320,0,-1,0.0,0.0,0.0,0.000000,0.000000,0.000000*3F
$CV1,454,15353,0,-1,0.0,0.0,0.0,0.000000,0.000000,0.000000*3C
$CV1,455,15385,0,-1,0.0,0.0,0.0,0.000000,0.000000,0.000000*36
$CV1,456,15417,0,-1,0.0,0.0,0.0,0.000000,0.000000,0.000000*39
$CV1,457,15448,0,-1,0.0,0.0,0.0,0.000000,0.000000,0.000000*32
$CV1,458,15479,0,-1,0.0,0.0,0.0,0.000000,0.000000,0.000000*3F
$CV1,459,15513,0,-1,0.0,0.0,0.0,0.000000,0.000000,0.000000*33
$CV1,460,15544,0,-1,0.0,0.0,0.0,0.000000,0.000000,0.000000*3B
$CV1,461,15593,0,-1,0.0,0.0,0.0,0.000000,0.000000,0.000000*30
$CV1,462,15625,0,-1,0.0,0.0,0.0,0.000000,0.000000,0.000000*3D
$CV1,463,15657,0,-1,0.0,0.0,0.0,0.000000,0.000000,0.000000*39
$CV1,464,15689,0,-1,0.0,0.0,0.0,0.000000,0.000000,0.000000*3D
$CV1,465,15720,0,-1,0.0,0.0,0.0,0.000000,0.000000,0.000000*3E
$CV1,466,15753,0,-1,0.0,0.0,0.0,0.000000,0.000000,0.000000*39
$CV1,467,15785,0,-1,0.0,0.0,0.0,0.000000,0.000000,0.000000*33
$CV1,468,15817,0,-1,0.0,0.0,0.0,0.000000,0.000000,0.000000*38
$CV1,469,15850,0,-1,0.0,0.0,0.0,0.000000,0.000000,0.000000*3A
$CV1,470,15880,0,-1,0.0,0.0,0.0,0.000000,0.000000,0.000000*3F
$CV1,471,15913,0,-1,0.0,0.0,0.0,0.000000,0.000000,0.000000*35
$CV1,472,15945,0,-1,0.0,0.0,0.0,0.000000,0.000000,0.000000*35
$CV1,473,15993,0,-1,0.0,0.0,0.0,0.000000,0.000000,0.000000*3F
$CV1,474,16024,0,-1,0.0,0.0,0.0,0.000000,0.000000,0.000000*3E
$CV1,475,16059,0,-1,0.0,0.0,0.0,0.000000,0.000000,0.000000*35
$CV1,476,16089,0,-1,0.0,0.0,0.0,0.000000,0.000000,0.000000*3B
$CV1,477,16120,0,-1,0.0,0.0,0.0,0.000000,0.000000,0.000000*38
$CV1,478,16153,0,-1,0.0,0.0,0.0,0.000000,0.000000,0.000000*33
$CV1,479,16185,0,-1,0.0,0.0,0.0,0.000000,0.000000,0.000000*39
$CV1,480,16217,0,-1,0.0,0.0,0.0,0.000000,0.000000,0.000000*37
$CV1,481,16248,0,-1,0.0,0.0,0.0,0.000000,0.000000,0.000000*3C
$CV1,482,16282,0,-1,0.0,0.0,0.0,0.000000,0.000000,0.000000*39
$CV1,483,16314,0,-1,0.0,0.0,0.0,0.000000,0.000000,0.000000*36
$CV1,484,16346,0,-1,0.0,0.0,0.0,0.000000,0.000000,0.000000*36
$CV1,485,16392,0,-1,0.0,0.0,0.0,0.000000,0.000000,0.000000*3E
$CV1,486,16425,0,-1,0.0,0.0,0.0,0.000000,0.000000,0.000000*36
$CV1,487,16458,0,-1,0.0,0.0,0.0,0.000000,0.000000,0.000000*3D
$CV1,488,16490,0,-1,0.0,0.0,0.0,0.000000,0.000000,0.000000*36
$CV1,489,16521,0,-1,0.0,0.0,0.0,0.000000,0.000000,0.000000*3C
$CV1,490,16554,0,-1,0.0,0.0,0.0,0.000000,0.000000,0.000000*36
$CV1,491,16586,0,-1,0.0,0.0,0.0,0.000000,0.000000,0.000000*38
$CV1,492,16618,0,-1,0.0,0.0,0.0,0.000000,0.000000,0.000000*3F
$CV1,493,16650,0,-1,0.0,0.0,0.0,0.000000,0.000000,0.000000*32
$CV1,494,16683,0,-1,0.0,0.0,0.0,0.000000,0.000000,0.000000*3B
$CV1,495,16714,0,-1,0.0,0.0,0.0,0.000000,0.000000,0.000000*35
$CV1,496,16761,0,-1,0.0,0.0,0.0,0.000000,0.000000,0.000000*34
$CV1,497,16793,0,-1,0.0,0.0,0.0,0.000000,0.000000,0.000000*38
$CV1,498,16826,0,-1,0.0,0.0,0.0,0.000000,0.000000,0.000000*36
$CV1,499,16858,0,-1,0.0,0.0,0.0,0.000000,0.000000,0.000000*3E
$CV1,500,16890,0,-1,0.0,0.0,0.0,0.000000,0.000000,0.000000*3B
$CV1,501,16922,0,-1,0.0,0.0,0.0,0.000000,0.000000,0.000000*32
$CV1,502,16954,0,-1,0.0,0.0,0.0,0.000000,0.000000,0.000000*30
$CV1,503,16986,0,-1,0.0,0.0,0.0,0.000000,0.000000,0.000000*3E
$CV1,504,17018,0,-1,0.0,0.0,0.0,0.000000,0.000000,0.000000*36
$CV1,505,17050,0,-1,0.0,0.0,0.0,0.000000,0.000000,0.000000*3B
$CV1,506,17080,0,-1,0.0,0.0,0.0,0.000000,0.000000,0.000000*35
$CV1,507,17114,0,-1,0.0,0.0,0.0,0.000000,0.000000,0.000000*38
$CV1,508,17162,0,-1,0.0,0.0,0.0,0.000000,0.000000,0.000000*36
$CV1,509,17194,0,-1,0.0,0.0,0.0,0.000000,0.000000,0.000000*3E
$CV1,510,17225,0,-1,0.0,0.0,0.0,0.000000,0.000000,0.000000*3F
$CV1,511,17258,0,-1,0.0,0.0,0.0,0.000000,0.000000,0.000000*34
$CV1,512,17289,0,-1,0.0,0.0,0.0,0.000000,0.000000,0.000000*3B
$CV1,513,17322,0,-1,0.0,0.0,0.0,0.000000,0.000000,0.000000*3A
$CV1,514,17353,0,-1,0.0,0.0,0.0,0.000000,0.000000,0.000000*3B
$CV1,515,17386,0,-1,0.0,0.0,0.0,0.000000,0.000000,0.000000*32
$CV1,516,17417,0,-1,0.0,0.0,0.0,0.000000,0.000000,0.000000*3E
$CV1,517,17449,0,-1,0.0,0.0,0.0,0.000000,0.000000,0.000000*34
$CV1,518,17481,0,-1,0.0,0.0,0.0,0.000000,0.000000,0.000000*3F
$CV1,519,17513,0,-1,0.0,0.0,0.0,0.000000,0.000000,0.000000*34
$CV1,520,17561,0,-1,0.0,0.0,0.0,0.000000,0.000000,0.000000*3B
$CV1,521,17593,0,-1,0.0,0.0,0.0,0.000000,0.000000,0.000000*37
$CV1,522,17625,0,-1,0.0,0.0,0.0,0.000000,0.000000,0.000000*3A
$CV1,523,17658,0,-1,0.0,0.0,0.0,0.000000,0.000000,0.000000*31
$CV1,524,17689,0,-1,0.0,0.0,0.0,0.000000,0.000000,0.000000*3A
$CV1,525,17722,0,-1,0.0,0.0,0.0,0.000000,0.000000,0.000000*3B
$CV1,526,17753,0,-1,0.0,0.0,0.0,0.000000,0.000000,0.000000*3E
$CV1,527,17786,0,-1,0.0,0.0,0.0,0.000000,0.000000,0.000000*37
$CV1,528,17817,0,-1,0.0,0.0,0.0,0.000000,0.000000,0.000000*3F
$CV1,529,17850,0,-1,0.0,0.0,0.0,0.000000,0.000000,0.000000*3D
$CV1,530,17882,0,-1,0.0,0.0,0.0,0.000000,0.000000,0.000000*3A
$CV1,531,17914,0,-1,0.0,0.0,0.0,0.000000,0.000000,0.000000*35
$CV1,532,17962,0,-1,0.0,0.0,0.0,0.000000,0.000000,0.000000*37
$CV1,533,17995,0,-1,0.0,0.0,0.0,0.000000,0.000000,0.000000*3E
$CV1,534,18026,0,-1,0.0,0.0,0.0,0.000000,0.000000,0.000000*37
$CV1,535,18058,0,-1,0.0,0.0,0.0,0.000000,0.000000,0.000000*3F
$CV1,536,18092,0,-1,0.0,0.0,0.0,0.000000,0.000000,0.000000*3A
$CV1,537,18124,0,-1,0.0,0.0,0.0,0.000000,0.000000,0.000000*37
$CV1,538,18155,0,-1,0.0,0.0,0.0,0.000000,0.000000,0.000000*3E
$CV1,539,18188,0,-1,0.0,0.0,0.0,0.000000,0.000000,0.000000*3F
$CV1,540,18220,0,-1,0.0,0.0,0.0,0.000000,0.000000,0.000000*30
$CV1,541,18253,0,-1,0.0,0.0,0.0,0.000000,0.000000,0.000000*35
$CV1,542,18286,0,-1,0.0,0.0,0.0,0.000000,0.000000,0.000000*3E
$CV1,543,18333,0,-1,0.0,0.0,0.0,0.000000,0.000000,0.000000*30
$CV1,544,18365,0,-1,0.0,0.0,0.0,0.000000,0.000000,0.000000*34
$CV1,545,18397,0,-1,0.0,0.0,0.0,0.000000,0.000000,0.000000*38
$CV1,546,18428,0,-1,0.0,0.0,0.0,0.000000,0.000000,0.000000*38
$CV1,547,18459,0,-1,0.0,0.0,0.0,0.000000,0.000000,0.000000*3F
$CV1,548,18494,0,-1,0.0,0.0,0.0,0.000000,0.000000,0.000000*31
$CV1,549,18523,0,-1,0.0,0.0,0.0,0.000000,0.000000,0.000000*3D
$CV1,550,18558,0,-1,0.0,0.0,0.0,0.000000,0.000000,0.000000*39
$CV1,551,18587,0,-1,0.0,0.0,0.0,0.000000,0.000000,0.000000*3A
$CV1,552,18621,0,-1,0.0,0.0,0.0,0.000000,0.000000,0.000000*36
$CV1,553,18654,0,-1,0.0,0.0,0.0,0.000000,0.000000,0.000000*35
$CV1,554,18685,0,-1,0.0,0.0,0.0,0.000000,0.000000,0.000000*3E
$CV1,555,18733,0,-1,0.0,0.0,0.0,0.000000,0.000000,0.000000*33
$CV1,556,18766,0,-1,0.0,0.0,0.0,0.000000,0.000000,0.000000*30
$CV1,557,18799,0,-1,0.0,0.0,0.0,0.000000,0.000000,0.000000*31
$CV1,558,18831,0,-1,0.0,0.0,0.0,0.000000,0.000000,0.000000*33
$CV1,559,18862,0,-1,0.0,0.0,0.0,0.000000,0.000000,0.000000*34
$CV1,560,18895,0,-1,0.0,0.0,0.0,0.000000,0.000000,0.000000*36
$CV1,561,18927,0,-1,0.0,0.0,0.0,0.000000,0.000000,0.000000*3F
$CV1,562,18960,0,-1,0.0,0.0,0.0,0.000000,0.000000,0.000000*3F
$CV1,563,18991,0,-1,0.0,0.0,0.0,0.000000,0.000000,0.000000*30
$CV1,564,19024,0,-1,0.0,0.0,0.0,0.000000,0.000000,0.000000*31
$CV1,565,19056,0,-1,0.0,0.0,0.0,0.000000,0.000000,0.000000*35
$CV1,566,19089,0,-1,0.0,0.0,0.0,0.000000,0.000000,0.000000*34
$CV1,567,19137,0,-1,0.0,0.0,0.0,0.000000,0.000000,0.000000*31
$CV1,568,19167,0,-1,0.0,0.0,0.0,0.000000,0.000000,0.000000*3B
$CV1,569,19198,0,-1,0.0,0.0,0.0,0.000000,0.000000,0.000000*3A
$CV1,570,19229,0,-1,0.0,0.0,0.0,0.000000,0.000000,0.000000*3B
$CV1,571,19263,0,-1,0.0,0.0,0.0,0.000000,0.000000,0.000000*34
$CV1,572,19295,0,-1,0.0,0.0,0.0,0.000000,0.000000,0.000000*3E
$CV1,573,19326,0,-1,0.0,0.0,0.0,0.000000,0.000000,0.000000*36
$CV1,574,19360,0,-1,0.0,0.0,0.0,0.000000,0.000000,0.000000*33
$CV1,575,19391,0,-1,0.0,0.0,0.0,0.000000,0.000000,0.000000*3C
$CV1,576,19423,0,-1,0.0,0.0,0.0,0.000000,0.000000,0.000000*31
$CV1,577,19453,0,-1,0.0,0.0,0.0,0.000000,0.000000,0.000000*37
$CV1,578,19503,0,-1,0.0,0.0,0.0,0.000000,0.000000,0.000000*3C
$CV1,579,19533,0,-1,0.0,0.0,0.0,0.000000,0.000000,0.000000*3E
$CV1,580,19566,0,-1,0.0,0.0,0.0,0.000000,0.000000,0.000000*38
$CV1,581,19599,0,-1,0.0,0.0,0.0,0.000000,0.000000,0.000000*39
$CV1,582,19628,0,-1,0.0,0.0,0.0,0.000000,0.000000,0.000000*33
$CV1,583,19663,0,-1,0.0,0.0,0.0,0.000000,0.000000,0.000000*3D
$CV1,584,19693,0,-1,0.0,0.0,0.0,0.000000,0.000000,0.000000*35
$CV1,585,19728,0,-1,0.0,0.0,0.0,0.000000,0.000000,0.000000*35
$CV1,586,19759,0,-1,0.0,0.0,0.0,0.000000,0.000000,0.000000*30
$CV1,587,19792,0,-1,0.0,0.0,0.0,0.000000,0.000000,0.000000*36
$CV1,588,19824,0,-1,0.0,0.0,0.0,0.000000,0.000000,0.000000*3B
$CV1,589,19854,0,-1,0.0,0.0,0.0,0.000000,0.000000,0.000000*3D
$CV1,590,19901,0,-1,0.0,0.0,0.0,0.000000,0.000000,0.000000*34
$CV1,591,19934,0,-1,0.0,0.0,0.0,0.000000,0.000000,0.000000*33
$CV1,592,19966,0,-1,0.0,0.0,0.0,0.000000,0.000000,0.000000*37
$CV1,593,19998,0,-1,0.0,0.0,0.0,0.000000,0.000000,0.000000*37
$CV1,594,20030,0,-1,0.0,0.0,0.0,0.000000,0.000000,0.000000*31
$CV1,595,20061,0,-1,0.0,0.0,0.0,0.000000,0.000000,0.000000*34
$CV1,596,20093,0,-1,0.0,0.0,0.0,0.000000,0.000000,0.000000*3A
$CV1,597,20124,0,-1,0.0,0.0,0.0,0.000000,0.000000,0.000000*36
$CV1,598,20156,0,-1,0.0,0.0,0.0,0.000000,0.000000,0.000000*3C
$CV1,599,20188,0,-1,0.0,0.0,0.0,0.000000,0.000000,0.000000*3E
$CV1,600,20219,0,-1,0.0,0.0,0.0,0.000000,0.000000,0.000000*36
$CV1,601,20250,0,-1,0.0,0.0,0.0,0.000000,0.000000,0.000000*3A
$CV1,602,20298,0,-1,0.0,0.0,0.0,0.000000,0.000000,0.000000*3D
$CV1,603,20328,0,-1,0.0,0.0,0.0,0.000000,0.000000,0.000000*36
$CV1,604,20360,0,-1,0.0,0.0,0.0,0.000000,0.000000,0.000000*3D
$CV1,605,20391,0,-1,0.0,0.0,0.0,0.000000,0.000000,0.000000*32
$CV1,606,20424,0,-1,0.0,0.0,0.0,0.000000,0.000000,0.000000*38
$CV1,607,20456,0,-1,0.0,0.0,0.0,0.000000,0.000000,0.000000*3C
$CV1,608,20488,0,-1,0.0,0.0,0.0,0.000000,0.000000,0.000000*30
$CV1,609,20520,0,-1,0.0,0.0,0.0,0.000000,0.000000,0.000000*32
$CV1,610,20553,0,-1,0.0,0.0,0.0,0.000000,0.000000,0.000000*3E
$CV1,611,20584,0,-1,0.0,0.0,0.0,0.000000,0.000000,0.000000*35
$CV1,612,20616,0,-1,0.0,0.0,0.0,0.000000,0.000000,0.000000*3E
$CV1,613,20648,0,-1,0.0,0.0,0.0,0.000000,0.000000,0.000000*34
$CV1,614,20696,0,-1,0.0,0.0,0.0,0.000000,0.000000,0.000000*30
$CV1,615,20728,0,-1,0.0,0.0,0.0,0.000000,0.000000,0.000000*35
$CV1,616,20760,0,-1,0.0,0.0,0.0,0.000000,0.000000,0.000000*3A
$CV1,617,20791,0,-1,0.0,0.0,0.0,0.000000,0.000000,0.000000*35
$CV1,618,20824,0,-1,0.0,0.0,0.0,0.000000,0.000000,0.000000*3B
$CV1,619,20856,0,-1,0.0,0.0,0.0,0.000000,0.000000,0.000000*3F
$CV1,620,20888,0,-1,0.0,0.0,0.0,0.000000,0.000000,0.000000*36
$CV1,621,20920,0,-1,0.0,0.0,0.0,0.000000,0.000000,0.000000*34
$CV1,622,20952,0,-1,0.0,0.0,0.0,0.000000,0.000000,0.000000*32
$CV1,623,20984,0,-1,0.0,0.0,0.0,0.000000,0.000000,0.000000*38
$CV1,624,21016,0,-1,0.0,0.0,0.0,0.000000,0.000000,0.000000*3C
$CV1,625,21064,0,-1,0.0,0.0,0.0,0.000000,0.000000,0.000000*38
$CV1,626,21096,0,-1,0.0,0.0,0.0,0.000000,0.000000,0.000000*36
$CV1,627,21128,0,-1,0.0,0.0,0.0,0.000000,0.000000,0.000000*33
$CV1,628,21160,0,-1,0.0,0.0,0.0,0.000000,0.000000,0.000000*30
$CV1,629,21193,0,-1,0.0,0.0,0.0,0.000000,0.000000,0.000000*3D
$CV1,630,21225,0,-1,0.0,0.0,0.0,0.000000,0.000000,0.000000*3B
$CV1,631,21257,0,-1,0.0,0.0,0.0,0.000000,0.000000,0.000000*3F
$CV1,632,21288,0,-1,0.0,0.0,0.0,0.000000,0.000000,0.000000*3E
$CV1,633,21320,0,-1,0.0,0.0,0.0,0.000000,0.000000,0.000000*3C
$CV1,634,21352,0,-1,0.0,0.0,0.0,0.000000,0.000000,0.000000*3E
$CV1,635,21385,0,-1,0.0,0.0,0.0,0.000000,0.000000,0.000000*35
$CV1,636,21417,0,-1,0.0,0.0,0.0,0.000000,0.000000,0.000000*3A
$CV1,637,21464,0,-1,0.0,0.0,0.0,0.000000,0.000000,0.000000*3F
$CV1,638,21496,0,-1,0.0,0.0,0.0,0.000000,0.000000,0.000000*3D
$CV1,639,21529,0,-1,0.0,0.0,0.0,0.000000,0.000000,0.000000*39
$CV1,640,21561,0,-1,0.0,0.0,0.0,0.000000,0.000000,0.000000*3B
$CV1,641,21593,0,-1,0.0,0.0,0.0,0.000000,0.000000,0.000000*37
$CV1,642,21625,0,-1,0.0,0.0,0.0,0.000000,0.000000,0.000000*3A
$CV1,643,21656,0,-1,0.0,0.0,0.0,0.000000,0.000000,0.000000*3F
$CV1,644,21689,0,-1,0.0,0.0,0.0,0.000000,0.000000,0.000000*3A
$CV1,645,21720,0,-1,0.0,0.0,0.0,0.000000,0.000000,0.000000*39
$CV1,646,21753,0,-1,0.0,0.0,0.0,0.000000,0.000000,0.000000*3E
$CV1,647,21785,0,-1,0.0,0.0,0.0,0.000000,0.000000,0.000000*34
$CV1,648,21817,0,-1,0.0,0.0,0.0,0.000000,0.000000,0.000000*3F
$CV1,649,21865,0,-1,0.0,0.0,0.0,0.000000,0.000000,0.000000*3B
$CV1,650,21897,0,-1,0.0,0.0,0.0,0.000000,0.000000,0.000000*3E
$CV1,651,21928,0,-1,0.0,0.0,0.0,0.000000,0.000000,0.000000*3A
$CV1,652,21960,0,-1,0.0,0.0,0.0,0.000000,0.000000,0.000000*35
$CV1,653,21993,0,-1,0.0,0.0,0.0,0.000000,0.000000,0.000000*38
$CV1,654,22025,0,-1,0.0,0.0,0.0,0.000000,0.000000,0.000000*38
$CV1,655,22058,0,-1,0.0,0.0,0.0,0.000000,0.000000,0.000000*33
$CV1,656,22089,0,-1,0.0,0.0,0.0,0.000000,0.000000,0.000000*3C
$CV1,657,22121,0,-1,0.0,0.0,0.0,0.000000,0.000000,0.000000*3E
$CV1,658,22153,0,-1,0.0,0.0,0.0,0.000000,0.000000,0.000000*34
$CV1,659,22185,0,-1,0.0,0.0,0.0,0.000000,0.000000,0.000000*3E
$CV1,660,22217,0,-1,0.0,0.0,0.0,0.000000,0.000000,0.000000*3C
$CV1,661,22265,0,-1,0.0,0.0,0.0,0.000000,0.000000,0.000000*38
$CV1,662,22297,0,-1,0.0,0.0,0.0,0.000000,0.000000,0.000000*36
$CV1,663,22329,0,-1,0.0,0.0,0.0,0.000000,0.000000,0.000000*33
$CV1,664,22361,0,-1,0.0,0.0,0.0,0.000000,0.000000,0.000000*38
$CV1,665,22394,0,-1,0.0,0.0,0.0,0.000000,0.000000,0.000000*33
$CV1,666,22424,0,-1,0.0,0.0,0.0,0.000000,0.000000,0.000000*3C
$CV1,667,22457,0,-1,0.0,0.0,0.0,0.000000,0.000000,0.000000*39
$CV1,668,22489,0,-1,0.0,0.0,0.0,0.000000,0.000000,0.000000*35
$CV1,669,22521,0,-1,0.0,0.0,0.0,0.000000,0.000000,0.000000*37
$CV1,670,22553,0,-1,0.0,0.0,0.0,0.000000,0.000000,0.000000*3A
$CV1,671,22585,0,-1,0.0,0.0,0.0,0.000000,0.000000,0.000000*30
$CV1,672,22633,0,-1,0.0,0.0,0.0,0.000000,0.000000,0.000000*3D
$CV1,673,22665,0,-1,0.0,0.0,0.0,0.000000,0.000000,0.000000*3F
$CV1,674,22696,0,-1,0.0,0.0,0.0,0.000000,0.000000,0.000000*34
$CV1,675,22729,0,-1,0.0,0.0,0.0,0.000000,0.000000,0.000000*30
$CV1,676,22760,0,-1,0.0,0.0,0.0,0.000000,0.000000,0.000000*3E
$CV1,677,22792,0,-1,0.0,0.0,0.0,0.000000,0.000000,0.000000*32
$CV1,678,22824,0,-1,0.0,0.0,0.0,0.000000,0.000000,0.000000*3F
$CV1,679,22856,0,-1,0.0,0.0,0.0,0.000000,0.000000,0.000000*3B
$CV1,680,22889,0,-1,0.0,0.0,0.0,0.000000,0.000000,0.000000*3F
$CV1,681,22919,0,-1,0.0,0.0,0.0,0.000000,0.000000,0.000000*36
$CV1,682,22952,0,-1,0.0,0.0,0.0,0.000000,0.000000,0.000000*3A
$CV1,683,22985,0,-1,0.0,0.0,0.0,0.000000,0.000000,0.000000*31
$CV1,684,23032,0,-1,0.0,0.0,0.0,0.000000,0.000000,0.000000*32
$CV1,685,23063,0,-1,0.0,0.0,0.0,0.000000,0.000000,0.000000*37
$CV1,686,23096,0,-1,0.0,0.0,0.0,0.000000,0.000000,0.000000*3E
$CV1,687,23127,0,-1,0.0,0.0,0.0,0.000000,0.000000,0.000000*34
$CV1,688,23160,0,-1,0.0,0.0,0.0,0.000000,0.000000,0.000000*38
$CV1,689,23192,0,-1,0.0,0.0,0.0,0.000000,0.000000,0.000000*34
$CV1,690,23224,0,-1,0.0,0.0,0.0,0.000000,0.000000,0.000000*32
$CV1,691,23256,0,-1,0.0,0.0,0.0,0.000000,0.000000,0.000000*36
$CV1,692,23289,0,-1,0.0,0.0,0.0,0.000000,0.000000,0.000000*37
$CV1,693,23320,0,-1,0.0,0.0,0.0,0.000000,0.000000,0.000000*34
$CV1,694,23353,0,-1,0.0,0.0,0.0,0.000000,0.000000,0.000000*37
$CV1,695,23387,0,-1,0.0,0.0,0.0,0.000000,0.000000,0.000000*3F
$CV1,696,23434,0,-1,0.0,0.0,0.0,0.000000,0.000000,0.000000*33
$CV1,697,23466,0,-1,0.0,0.0,0.0,0.000000,0.000000,0.000000*35
$CV1,698,23497,0,-1,0.0,0.0,0.0,0.000000,0.000000,0.000000*34
$CV1,699,23530,0,-1,0.0,0.0,0.0,0.000000,0.000000,0.000000*39
$CV1,700,23562,0,-1,0.0,0.0,0.0,0.000000,0.000000,0.000000*3F
$CV1,701,23593,0,-1,0.0,0.0,0.0,0.000000,0.000000,0.000000*30
$CV1,702,23625,0,-1,0.0,0.0,0.0,0.000000,0.000000,0.000000*3D
$CV1,703,23658,0,-1,0.0,0.0,0.0,0.000000,0.000000,0.000000*36
$CV1,704,23690,0,-1,0.0,0.0,0.0,0.000000,0.000000,0.000000*35
$CV1,705,23724,0,-1,0.0,0.0,0.0,0.000000,0.000000,0.000000*3A
$CV1,706,23755,0,-1,0.0,0.0,0.0,0.000000,0.000000,0.000000*3F
$CV1,707,23802,0,-1,0.0,0.0,0.0,0.000000,0.000000,0.000000*33
$CV1,708,23834,0,-1,0.0,0.0,0.0,0.000000,0.000000,0.000000*39
$CV1,709,23865,0,-1,0.0,0.0,0.0,0.000000,0.000000,0.000000*3C
$CV1,710,23898,0,-1,0.0,0.0,0.0,0.000000,0.000000,0.000000*36
$CV1,711,23947,0,-1,0.0,0.0,0.0,0.000000,0.000000,0.000000*34
$CV1,712,23963,0,-1,0.0,0.0,0.0,0.000000,0.000000,0.000000*31
$CV1,713,23994,0,-1,0.0,0.0,0.0,0.000000,0.000000,0.000000*38
$CV1,714,24027,0,-1,0.0,0.0,0.0,0.000000,0.000000,0.000000*39
$CV1,715,24060,0,-1,0.0,0.0,0.0,0.000000,0.000000,0.000000*3B
$CV1,716,24089,0,-1,0.0,0.0,0.0,0.000000,0.000000,0.000000*3F
$CV1,717,24122,0,-1,0.0,0.0,0.0,0.000000,0.000000,0.000000*3E
$CV1,718,24154,0,-1,0.0,0.0,0.0,0.000000,0.000000,0.000000*30
$CV1,719,24201,0,-1,0.0,0.0,0.0,0.000000,0.000000,0.000000*32
$CV1,720,24233,0,-1,0.0,0.0,0.0,0.000000,0.000000,0.000000*39
$CV1,721,24266,0,-1,0.0,0.0,0.0,0.000000,0.000000,0.000000*38
$CV1,722,24297,0,-1,0.0,0.0,0.0,0.000000,0.000000,0.000000*35
$CV1,723,24329,0,-1,0.0,0.0,0.0,0.000000,0.000000,0.000000*30
$CV1,724,24363,0,-1,0.0,0.0,0.0,0.000000,0.000000,0.000000*39
$CV1,725,24395,0,-1,0.0,0.0,0.0,0.000000,0.000000,0.000000*31
$CV1,726,24427,0,-1,0.0,0.0,0.0,0.000000,0.000000,0.000000*3C
$CV1,727,24459,0,-1,0.0,0.0,0.0,0.000000,0.000000,0.000000*34
$CV1,728,24491,0,-1,0.0,0.0,0.0,0.000000,0.000000,0.000000*3F
$CV1,729,24523,0,-1,0.0,0.0,0.0,0.000000,0.000000,0.000000*36
$CV1,730,24555,0,-1,0.0,0.0,0.0,0.000000,0.000000,0.000000*3F
$CV1,731,24603,0,-1,0.0,0.0,0.0,0.000000,0.000000,0.000000*3E
$CV1,732,24635,0,-1,0.0,0.0,0.0,0.000000,0.000000,0.000000*38
$CV1,733,24667,0,-1,0.0,0.0,0.0,0.000000,0.000000,0.000000*3E
$CV1,734,24699,0,-1,0.0,0.0,0.0,0.000000,0.000000,0.000000*38
$CV1,735,24731,0,-1,0.0,0.0,0.0,0.000000,0.000000,0.000000*3A
$CV1,736,24763,0,-1,0.0,0.0,0.0,0.000000,0.000000,0.000000*3E
$CV1,737,24794,0,-1,0.0,0.0,0.0,0.000000,0.000000,0.000000*37
$CV1,738,24826,0,-1,0.0,0.0,0.0,0.000000,0.000000,0.000000*3E
$CV1,739,24858,0,-1,0.0,0.0,0.0,0.000000,0.000000,0.000000*36
$CV1,740,24891,0,-1,0.0,0.0,0.0,0.000000,0.000000,0.000000*3D
$CV1,741,24922,0,-1,0.0,0.0,0.0,0.000000,0.000000,0.000000*35
$CV1,742,24954,0,-1,0.0,0.0,0.0,0.000000,0.000000,0.000000*37
$CV1,743,25002,0,-1,0.0,0.0,0.0,0.000000,0.000000,0.000000*3D
$CV1,744,25034,0,-1,0.0,0.0,0.0,0.000000,0.000000,0.000000*3F
$CV1,745,25067,0,-1,0.0,0.0,0.0,0.000000,0.000000,0.000000*38
$CV1,746,25099,0,-1,0.0,0.0,0.0,0.000000,0.000000,0.000000*3A
$CV1,747,25131,0,-1,0.0,0.0,0.0,0.000000,0.000000,0.000000*38
$CV1,748,25162,0,-1,0.0,0.0,0.0,0.000000,0.000000,0.000000*31
$CV1,749,25195,0,-1,0.0,0.0,0.0,0.000000,0.000000,0.000000*38
$CV1,750,25255,0,-1,0.0,0.0,0.0,0.000000,0.000000,0.000000*3F
$CV1,751,25267,0,-1,0.0,0.0,0.0,0.000000,0.000000,0.000000*3F
$CV1,752,25290,0,-1,0.0,0.0,0.0,0.000000,0.000000,0.000000*34
$CV1,753,25323,0,-1,0.0,0.0,0.0,0.000000,0.000000,0.000000*3C
$CV1,754,25369,0,-1,0.0,0.0,0.0,0.000000,0.000000,0.000000*35
$CV1,755,25404,0,-1,0.0,0.0,0.0,0.000000,0.000000,0.000000*38
$CV1,756,25434,0,-1,0.0,0.0,0.0,0.000000,0.000000,0.000000*38
$CV1,757,25466,0,-1,0.0,0.0,0.0,0.000000,0.000000,0.000000*3E
$CV1,758,25498,0,-1,0.0,0.0,0.0,0.000000,0.000000,0.000000*30
$CV1,759,25531,0,-1,0.0,0.0,0.0,0.000000,0.000000,0.000000*33
$CV1,760,25563,0,-1,0.0,0.0,0.0,0.000000,0.000000,0.000000*3E
$CV1,761,25595,0,-1,0.0,0.0,0.0,0.000000,0.000000,0.000000*36
$CV1,762,25628,0,-1,0.0,0.0,0.0,0.000000,0.000000,0.000000*30
$CV1,763,25660,0,-1,0.0,0.0,0.0,0.000000,0.000000,0.000000*3D
$CV1,764,25691,0,-1,0.0,0.0,0.0,0.000000,0.000000,0.000000*34
$CV1,765,25723,0,-1,0.0,0.0,0.0,0.000000,0.000000,0.000000*3D
$CV1,766,25770,0,-1,0.0,0.0,0.0,0.000000,0.000000,0.000000*38
$CV1,767,25802,0,-1,0.0,0.0,0.0,0.000000,0.000000,0.000000*33
$CV1,768,25835,0,-1,0.0,0.0,0.0,0.000000,0.000000,0.000000*38
$CV1,769,25868,0,-1,0.0,0.0,0.0,0.000000,0.000000,0.000000*31
$CV1,770,25899,0,-1,0.0,0.0,0.0,0.000000,0.000000,0.000000*37
$CV1,771,25932,0,-1,0.0,0.0,0.0,0.000000,0.000000,0.000000*36
$CV1,772,25964,0,-1,0.0,0.0,0.0,0.000000,0.000000,0.000000*36
$CV1,773,25995,0,-1,0.0,0.0,0.0,0.000000,0.000000,0.000000*39
$CV1,774,26028,0,-1,0.0,0.0,0.0,0.000000,0.000000,0.000000*32
$CV1,775,26060,0,-1,0.0,0.0,0.0,0.000000,0.000000,0.000000*3F
$CV1,776,26092,0,-1,0.0,0.0,0.0,0.000000,0.000000,0.000000*31
$CV1,777,26124,0,-1,0.0,0.0,0.0,0.000000,0.000000,0.000000*3C
$CV1,778,26171,0,-1,0.0,0.0,0.0,0.000000,0.000000,0.000000*33
$CV1,779,26202,0,-1,0.0,0.0,0.0,0.000000,0.000000,0.000000*35
$CV1,780,26235,0,-1,0.0,0.0,0.0,0.000000,0.000000,0.000000*37
$CV1,781,26267,0,-1,0.0,0.0,0.0,0.000000,0.000000,0.000000*31
$CV1,782,26299,0,-1,0.0,0.0,0.0,0.000000,0.000000,0.000000*33
$CV1,783,26331,0,-1,0.0,0.0,0.0,0.000000,0.000000,0.000000*31
$CV1,784,26362,0,-1,0.0,0.0,0.0,0.000000,0.000000,0.000000*30
$CV1,785,26395,0,-1,0.0,0.0,0.0,0.000000,0.000000,0.000000*39
$CV1,786,26425,0,-1,0.0,0.0,0.0,0.000000,0.000000,0.000000*36
$CV1,787,26459,0,-1,0.0,0.0,0.0,0.000000,0.000000,0.000000*3C
$CV1,788,26490,0,-1,0.0,0.0,0.0,0.000000,0.000000,0.000000*36
$CV1,789,26523,0,-1,0.0,0.0,0.0,0.000000,0.000000,0.000000*3E
$CV1,790,26570,0,-1,0.0,0.0,0.0,0.000000,0.000000,0.000000*30
$CV1,791,26602,0,-1,0.0,0.0,0.0,0.000000,0.000000,0.000000*37
$CV1,792,26634,0,-1,0.0,0.0,0.0,0.000000,0.000000,0.000000*31
$CV1,793,26666,0,-1,0.0,0.0,0.0,0.000000,0.000000,0.000000*37
$CV1,794,26698,0,-1,0.0,0.0,0.0,0.000000,0.000000,0.000000*31
$CV1,795,26731,0,-1,0.0,0.0,0.0,0.000000,0.000000,0.000000*32
$CV1,796,26762,0,-1,0.0,0.0,0.0,0.000000,0.000000,0.000000*37
$CV1,797,26793,0,-1,0.0,0.0,0.0,0.000000,0.000000,0.000000*38
$CV1,798,26826,0,-1,0.0,0.0,0.0,0.000000,0.000000,0.000000*36
$CV1,799,26858,0,-1,0.0,0.0,0.0,0.000000,0.000000,0.000000*3E
$CV1,800,26890,0,-1,0.0,0.0,0.0,0.000000,0.000000,0.000000*35
$CV1,801,26938,0,-1,0.0,0.0,0.0,0.000000,0.000000,0.000000*37
$CV1,802,26971,0,-1,0.0,0.0,0.0,0.000000,0.000000,0.000000*39
$CV1,803,27002,0,-1,0.0,0.0,0.0,0.000000,0.000000,0.000000*34
$CV1,804,27035,0,-1,0.0,0.0,0.0,0.000000,0.000000,0.000000*37
$CV1,805,27067,0,-1,0.0,0.0,0.0,0.000000,0.000000,0.000000*31
$CV1,806,27098,0,-1,0.0,0.0,0.0,0.000000,0.000000,0.000000*32
$CV1,807,27131,0,-1,0.0,0.0,0.0,0.000000,0.000000,0.000000*31
$CV1,808,27163,0,-1,0.0,0.0,0.0,0.000000,0.000000,0.000000*39
$CV1,809,27194,0,-1,0.0,0.0,0.0,0.000000,0.000000,0.000000*30
$CV1,810,27226,0,-1,0.0,0.0,0.0,0.000000,0.000000,0.000000*32
$CV1,811,27257,0,-1,0.0,0.0,0.0,0.000000,0.000000,0.000000*35
$CV1,812,27290,0,-1,0.0,0.0,0.0,0.000000,0.000000,0.000000*3D
$CV1,813,27339,0,-1,0.0,0.0,0.0,0.000000,0.000000,0.000000*3E
$CV1,814,27370,0,-1,0.0,0.0,0.0,0.000000,0.000000,0.000000*34
$CV1,815,27403,0,-1,0.0,0.0,0.0,0.000000,0.000000,0.000000*36
$CV1,816,27435,0,-1,0.0,0.0,0.0,0.000000,0.000000,0.000000*30
$CV1,817,27466,0,-1,0.0,0.0,0.0,0.000000,0.000000,0.000000*37
$CV1,818,27499,0,-1,0.0,0.0,0.0,0.000000,0.000000,0.000000*38
$CV1,819,27531,0,-1,0.0,0.0,0.0,0.000000,0.000000,0.000000*3A
$CV1,820,27563,0,-1,0.0,0.0,0.0,0.000000,0.000000,0.000000*37
$CV1,821,27595,0,-1,0.0,0.0,0.0,0.000000,0.000000,0.000000*3F
$CV1,822,27627,0,-1,0.0,0.0,0.0,0.000000,0.000000,0.000000*36
$CV1,823,27659,0,-1,0.0,0.0,0.0,0.000000,0.000000,0.000000*3E
$CV1,824,27691,0,-1,0.0,0.0,0.0,0.000000,0.000000,0.000000*3D
$CV1,825,27739,0,-1,0.0,0.0,0.0,0.000000,0.000000,0.000000*3F
$CV1,826,27773,0,-1,0.0,0.0,0.0,0.000000,0.000000,0.000000*32
$CV1,827,27804,0,-1,0.0,0.0,0.0,0.000000,0.000000,0.000000*3C
$CV1,828,27836,0,-1,0.0,0.0,0.0,0.000000,0.000000,0.000000*32
$CV1,829,27869,0,-1,0.0,0.0,0.0,0.000000,0.000000,0.000000*39
$CV1,830,27900,0,-1,0.0,0.0,0.0,0.000000,0.000000,0.000000*3F
$CV1,831,27932,0,-1,0.0,0.0,0.0,0.000000,0.000000,0.000000*3F
$CV1,832,27963,0,-1,0.0,0.0,0.0,0.000000,0.000000,0.000000*38
$CV1,833,27996,0,-1,0.0,0.0,0.0,0.000000,0.000000,0.000000*33
$CV1,834,28028,0,-1,0.0,0.0,0.0,0.000000,0.000000,0.000000*37
$CV1,835,28060,0,-1,0.0,0.0,0.0,0.000000,0.000000,0.000000*3A
$CV1,836,28109,0,-1,0.0,0.0,0.0,0.000000,0.000000,0.000000*37
$CV1,837,28142,0,-1,0.0,0.0,0.0,0.000000,0.000000,0.000000*39
$CV1,838,28170,0,-1,0.0,0.0,0.0,0.000000,0.000000,0.000000*37
$CV1,839,28204,0,-1,0.0,0.0,0.0,0.000000,0.000000,0.000000*36
$CV1,840,28237,0,-1,0.0,0.0,0.0,0.000000,0.000000,0.000000*38
$CV1,841,28267,0,-1,0.0,0.0,0.0,0.000000,0.000000,0.000000*3C
$CV1,842,28299,0,-1,0.0,0.0,0.0,0.000000,0.000000,0.000000*3E
$CV1,843,28333,0,-1,0.0,0.0,0.0,0.000000,0.000000,0.000000*3E
$CV1,844,28364,0,-1,0.0,0.0,0.0,0.000000,0.000000,0.000000*3B
$CV1,845,28396,0,-1,0.0,0.0,0.0,0.000000,0.000000,0.000000*37
$CV1,846,28428,0,-1,0.0,0.0,0.0,0.000000,0.000000,0.000000*36
$CV1,847,28460,0,-1,0.0,0.0,0.0,0.000000,0.000000,0.000000*3B
$CV1,848,28506,0,-1,0.0,0.0,0.0,0.000000,0.000000,0.000000*35
$CV1,849,28540,0,-1,0.0,0.0,0.0,0.000000,0.000000,0.000000*36
$CV1,850,28572,0,-1,0.0,0.0,0.0,0.000000,0.000000,0.000000*3F
$CV1,851,28604,0,-1,0.0,0.0,0.0,0.000000,0.000000,0.000000*3C
$CV1,852,28635,0,-1,0.0,0.0,0.0,0.000000,0.000000,0.000000*3D
$CV1,853,28669,1,0,-131.5,-274.2,1025.7,-2.378045,-0.060268,-0.418688*0F
$CV1,854,28701,1,0,-131.4,-270.5,1033.2,-2.360168,-0.082685,-0.379992*0F
$CV1,855,28732,1,0,-132.7,-271.1,1030.0,-2.333237,-0.087852,-0.387951*0A
$CV1,856,28764,1,0,-134.5,-272.7,1030.2,-2.330409,-0.075794,-0.391437*03
$CV1,857,28797,1,0,-133.1,-272.1,1033.7,-2.347239,-0.080108,-0.396494*0F
$CV1,858,28829,0,-1,0.0,0.0,0.0,0.000000,0.000000,0.000000*34
$CV1,859,28860,1,0,-135.2,-274.3,1037.7,-2.345716,-0.077638,-0.373847*0C
$CV1,860,28909,1,0,-132.2,-268.8,1031.8,-2.339744,-0.080180,-0.375357*0C
$CV1,861,28941,1,0,-133.1,-269.8,1030.2,-2.320099,-0.081230,-0.387113*00
$CV1,862,28973,1,0,-132.5,-271.2,1028.9,-2.327693,-0.071399,-0.395851*0C
$CV1,863,29005,1,0,-131.2,-269.8,1030.3,-2.348583,-0.076361,-0.384456*00
$CV1,864,29036,1,0,-133.2,-272.4,1030.3,-2.328174,-0.072053,-0.403335*05
$CV1,865,29067,1,0,-133.0,-272.8,1031.8,-2.360980,-0.065407,-0.395509*09
$CV1,866,29101,1,0,-130.9,-270.2,1030.0,-2.362989,-0.062139,-0.401924*0D
$CV1,867,29134,1,0,-131.5,-269.6,1030.8,-2.354474,-0.066261,-0.413746*0A
$CV1,868,29164,1,0,-132.0,-270.1,1029.3,-2.369041,-0.064056,-0.425600*04
$CV1,869,29197,1,0,-131.3,-269.1,1028.1,-2.363798,-0.068287,-0.417400*0A
$CV1,870,29228,1,0,-131.7,-269.6,1026.4,-2.354589,-0.065990,-0.413396*07
$CV1,871,29261,1,0,-132.2,-270.3,1027.5,-2.366276,-0.063039,-0.408981*0C
$CV1,872,29311,1,0,-131.7,-270.1,1029.6,-2.369357,-0.064055,-0.423376*0B
$CV1,873,29342,1,0,-132.4,-271.1,1030.8,-2.374554,-0.059773,-0.431790*00
$CV1,874,29375,1,0,-132.7,-270.5,1026.1,-2.366261,-0.060237,-0.418981*03
$CV1,875,29405,1,0,-132.4,-270.4,1026.4,-2.373388,-0.061832,-0.416568*0C
$CV1,876,29437,1,0,-132.7,-271.8,1029.1,-2.380194,-0.058047,-0.429636*0D
$CV1,877,29470,1,0,-132.6,-270.6,1027.0,-2.381939,-0.055130,-0.428909*0E
$CV1,878,29502,1,0,-132.6,-271.7,1028.1,-2.382009,-0.055485,-0.436041*03
$CV1,879,29534,1,0,-133.1,-271.5,1027.3,-2.381340,-0.055164,-0.428010*02
$CV1,880,29566,1,0,-132.5,-271.8,1024.7,-2.380744,-0.051849,-0.428476*0B
$CV1,881,29595,1,0,-132.6,-271.5,1025.2,-2.372572,-0.058887,-0.424579*0F
$CV1,882,29630,1,0,-136.6,-275.2,1029.8,-2.362042,-0.063951,-0.433041*0C
$CV1,883,29675,0,-1,0.0,0.0,0.0,0.000000,0.000000,0.000000*34
$CV1,884,29709,1,0,-135.5,-272.6,1030.5,-2.392672,-0.055396,-0.429482*09
$CV1,885,29740,0,-1,0.0,0.0,0.0,0.000000,0.000000,0.000000*35
$CV1,886,29772,0,-1,0.0,0.0,0.0,0.000000,0.000000,0.000000*37
$CV1,887,29804,0,-1,0.0,0.0,0.0,0.000000,0.000000,0.000000*38
$CV1,888,29836,0,-1,0.0,0.0,0.0,0.000000,0.000000,0.000000*36
$CV1,889,29870,0,-1,0.0,0.0,0.0,0.000000,0.000000,0.000000*35
$CV1,890,29902,0,-1,0.0,0.0,0.0,0.000000,0.000000,0.000000*39
$CV1,891,29931,0,-1,0.0,0.0,0.0,0.000000,0.000000,0.000000*38
$CV1,892,29964,0,-1,0.0,0.0,0.0,0.000000,0.000000,0.000000*3B
$CV1,893,29997,0,-1,0.0,0.0,0.0,0.000000,0.000000,0.000000*36
$CV1,894,30029,1,0,-136.6,-275.4,1028.3,-2.362870,-0.049036,-0.428566*02
$CV1,895,30076,0,-1,0.0,0.0,0.0,0.000000,0.000000,0.000000*3E
$CV1,896,30107,0,-1,0.0,0.0,0.0,0.000000,0.000000,0.000000*3A
$CV1,897,30141,1,0,-135.6,-274.7,1025.4,-2.377230,-0.046006,-0.431593*01
$CV1,898,30173,0,-1,0.0,0.0,0.0,0.000000,0.000000,0.000000*37
$CV1,899,30205,0,-1,0.0,0.0,0.0,0.000000,0.000000,0.000000*34
$CV1,900,30235,0,-1,0.0,0.0,0.0,0.000000,0.000000,0.000000*36
$CV1,901,30268,0,-1,0.0,0.0,0.0,0.000000,0.000000,0.000000*3F
$CV1,902,30301,0,-1,0.0,0.0,0.0,0.000000,0.000000,0.000000*32
$CV1,903,30333,0,-1,0.0,0.0,0.0,0.000000,0.000000,0.000000*32
$CV1,904,30365,0,-1,0.0,0.0,0.0,0.000000,0.000000,0.000000*36
$CV1,905,30395,0,-1,0.0,0.0,0.0,0.000000,0.000000,0.000000*38
$CV1,906,30428,0,-1,0.0,0.0,0.0,0.000000,0.000000,0.000000*3A
$CV1,907,30475,0,-1,0.0,0.0,0.0,0.000000,0.000000,0.000000*33
$CV1,908,30510,0,-1,0.0,0.0,0.0,0.000000,0.000000,0.000000*3E
$CV1,909,30541,0,-1,0.0,0.0,0.0,0.000000,0.000000,0.000000*3B
$CV1,910,30572,0,-1,0.0,0.0,0.0,0.000000,0.000000,0.000000*33
$CV1,911,30603,0,-1,0.0,0.0,0.0,0.000000,0.000000,0.000000*37
$CV1,912,30636,0,-1,0.0,0.0,0.0,0.000000,0.000000,0.000000*32
$CV1,913,30668,0,-1,0.0,0.0,0.0,0.000000,0.000000,0.000000*38
$CV1,914,30701,0,-1,0.0,0.0,0.0,0.000000,0.000000,0.000000*31
$CV1,915,30733,0,-1,0.0,0.0,0.0,0.000000,0.000000,0.000000*31
$CV1,916,30764,0,-1,0.0,0.0,0.0,0.000000,0.000000,0.000000*30
$CV1,917,30796,0,-1,0.0,0.0,0.0,0.000000,0.000000,0.000000*3C
$CV1,918,30829,0,-1,0.0,0.0,0.0,0.000000,0.000000,0.000000*38
$CV1,919,30874,0,-1,0.0,0.0,0.0,0.000000,0.000000,0.000000*31
$CV1,920,30908,0,-1,0.0,0.0,0.0,0.000000,0.000000,0.000000*31
$CV1,921,30939,0,-1,0.0,0.0,0.0,0.000000,0.000000,0.000000*32
$CV1,922,30971,0,-1,0.0,0.0,0.0,0.000000,0.000000,0.000000*3D
$CV1,923,31002,0,-1,0.0,0.0,0.0,0.000000,0.000000,0.000000*30
$CV1,924,31036,0,-1,0.0,0.0,0.0,0.000000,0.000000,0.000000*30
$CV1,925,31069,0,-1,0.0,0.0,0.0,0.000000,0.000000,0.000000*3B
$CV1,926,31101,0,-1,0.0,0.0,0.0,0.000000,0.000000,0.000000*37
$CV1,927,31133,0,-1,0.0,0.0,0.0,0.000000,0.000000,0.000000*37
$CV1,928,31165,0,-1,0.0,0.0,0.0,0.000000,0.000000,0.000000*3B
$CV1,929,31199,0,-1,0.0,0.0,0.0,0.000000,0.000000,0.000000*39
$CV1,930,31246,0,-1,0.0,0.0,0.0,0.000000,0.000000,0.000000*30
$CV1,931,31278,0,-1,0.0,0.0,0.0,0.000000,0.000000,0.000000*3C
$CV1,932,31309,0,-1,0.0,0.0,0.0,0.000000,0.000000,0.000000*38
$CV1,933,31342,0,-1,0.0,0.0,0.0,0.000000,0.000000,0.000000*36
$CV1,934,31371,0,-1,0.0,0.0,0.0,0.000000,0.000000,0.000000*31
$CV1,935,31405,0,-1,0.0,0.0,0.0,0.000000,0.000000,0.000000*34
$CV1,936,31436,0,-1,0.0,0.0,0.0,0.000000,0.000000,0.000000*37
$CV1,937,31468,0,-1,0.0,0.0,0.0,0.000000,0.000000,0.000000*3D
$CV1,938,31500,0,-1,0.0,0.0,0.0,0.000000,0.000000,0.000000*3D
$CV1,939,31532,0,-1,0.0,0.0,0.0,0.000000,0.000000,0.000000*3D
$CV1,940,31564,0,-1,0.0,0.0,0.0,0.000000,0.000000,0.000000*30
$CV1,941,31596,0,-1,0.0,0.0,0.0,0.000000,0.000000,0.000000*3C
$CV1,942,31644,0,-1,0.0,0.0,0.0,0.000000,0.000000,0.000000*33
$CV1,943,31675,0,-1,0.0,0.0,0.0,0.000000,0.000000,0.000000*30
$CV1,944,31707,0,-1,0.0,0.0,0.0,0.000000,0.000000,0.000000*33
$CV1,945,31738,0,-1,0.0,0.0,0.0,0.000000,0.000000,0.000000*3E
$CV1,946,31769,0,-1,0.0,0.0,0.0,0.000000,0.000000,0.000000*39
$CV1,947,31801,0,-1,0.0,0.0,0.0,0.000000,0.000000,0.000000*39
$CV1,948,31833,0,-1,0.0,0.0,0.0,0.000000,0.000000,0.000000*37
$CV1,949,31866,0,-1,0.0,0.0,0.0,0.000000,0.000000,0.000000*36
$CV1,950,31898,0,-1,0.0,0.0,0.0,0.000000,0.000000,0.000000*3F
$CV1,951,31929,0,-1,0.0,0.0,0.0,0.000000,0.000000,0.000000*35
$CV1,952,31963,0,-1,0.0,0.0,0.0,0.000000,0.000000,0.000000*38
$CV1,953,31996,0,-1,0.0,0.0,0.0,0.000000,0.000000,0.000000*33
$CV1,954,32043,0,-1,0.0,0.0,0.0,0.000000,0.000000,0.000000*36
$CV1,955,32075,0,-1,0.0,0.0,0.0,0.000000,0.000000,0.000000*32
$CV1,956,32108,0,-1,0.0,0.0,0.0,0.000000,0.000000,0.000000*3A
$CV1,957,32139,0,-1,0.0,0.0,0.0,0.000000,0.000000,0.000000*39
$CV1,958,32170,0,-1,0.0,0.0,0.0,0.000000,0.000000,0.000000*3B
$CV1,959,32204,0,-1,0.0,0.0,0.0,0.000000,0.000000,0.000000*3A
$CV1,960,32234,0,-1,0.0,0.0,0.0,0.000000,0.000000,0.000000*33
$CV1,961,32267,0,-1,0.0,0.0,0.0,0.000000,0.000000,0.000000*34
$CV1,962,32302,0,-1,0.0,0.0,0.0,0.000000,0.000000,0.000000*35
$CV1,963,32334,0,-1,0.0,0.0,0.0,0.000000,0.000000,0.000000*31
$CV1,964,32365,0,-1,0.0,0.0,0.0,0.000000,0.000000,0.000000*32
$CV1,965,32416,0,-1,0.0,0.0,0.0,0.000000,0.000000,0.000000*30
$CV1,966,32449,0,-1,0.0,0.0,0.0,0.000000,0.000000,0.000000*39
$CV1,967,32479,0,-1,0.0,0.0,0.0,0.000000,0.000000,0.000000*3B
$CV1,968,32515,0,-1,0.0,0.0,0.0,0.000000,0.000000,0.000000*3F
$CV1,969,32548,0,-1,0.0,0.0,0.0,0.000000,0.000000,0.000000*36
$CV1,970,32581,0,-1,0.0,0.0,0.0,0.000000,0.000000,0.000000*3B
$CV1,971,32616,0,-1,0.0,0.0,0.0,0.000000,0.000000,0.000000*37
$CV1,972,32643,0,-1,0.0,0.0,0.0,0.000000,0.000000,0.000000*34
$CV1,973,32678,0,-1,0.0,0.0,0.0,0.000000,0.000000,0.000000*3D
$CV1,974,32709,0,-1,0.0,0.0,0.0,0.000000,0.000000,0.000000*3D
$CV1,975,32741,0,-1,0.0,0.0,0.0,0.000000,0.000000,0.000000*30
$CV1,976,32773,0,-1,0.0,0.0,0.0,0.000000,0.000000,0.000000*32
$CV1,977,32821,0,-1,0.0,0.0,0.0,0.000000,0.000000,0.000000*3B
$CV1,978,32851,0,-1,0.0,0.0,0.0,0.000000,0.000000,0.000000*33
$CV1,979,32882,0,-1,0.0,0.0,0.0,0.000000,0.000000,0.000000*3C
$CV1,980,32918,0,-1,0.0,0.0,0.0,0.000000,0.000000,0.000000*38
$CV1,981,32949,0,-1,0.0,0.0,0.0,0.000000,0.000000,0.000000*3D
$CV1,982,32981,0,-1,0.0,0.0,0.0,0.000000,0.000000,0.000000*3A
$CV1,983,33012,0,-1,0.0,0.0,0.0,0.000000,0.000000,0.000000*39
$CV1,984,33043,0,-1,0.0,0.0,0.0,0.000000,0.000000,0.000000*3A
$CV1,985,33075,0,-1,0.0,0.0,0.0,0.000000,0.000000,0.000000*3E
$CV1,986,33108,0,-1,0.0,0.0,0.0,0.000000,0.000000,0.000000*36
$CV1,987,33140,0,-1,0.0,0.0,0.0,0.000000,0.000000,0.000000*3B
$CV1,988,33172,0,-1,0.0,0.0,0.0,0.000000,0.000000,0.000000*35
$CV1,989,33220,0,-1,0.0,0.0,0.0,0.000000,0.000000,0.000000*30
$CV1,990,33253,0,-1,0.0,0.0,0.0,0.000000,0.000000,0.000000*3C
$CV1,991,33280,0,-1,0.0,0.0,0.0,0.000000,0.000000,0.000000*33
$CV1,992,33313,0,-1,0.0,0.0,0.0,0.000000,0.000000,0.000000*3B
$CV1,993,33344,0,-1,0.0,0.0,0.0,0.000000,0.000000,0.000000*38
$CV1,994,33377,0,-1,0.0,0.0,0.0,0.000000,0.000000,0.000000*3F
$CV1,995,33410,0,-1,0.0,0.0,0.0,0.000000,0.000000,0.000000*38
$CV1,996,33442,0,-1,0.0,0.0,0.0,0.000000,0.000000,0.000000*3C
$CV1,997,33475,0,-1,0.0,0.0,0.0,0.000000,0.000000,0.000000*39
$CV1,998,33506,0,-1,0.0,0.0,0.0,0.000000,0.000000,0.000000*33
$CV1,999,33538,0,-1,0.0,0.0,0.0,0.000000,0.000000,0.000000*3F
$CV1,1000,33569,0,-1,0.0,0.0,0.0,0.000000,0.000000,0.000000*03
$CV1,1001,33619,0,-1,0.0,0.0,0.0,0.000000,0.000000,0.000000*06
$CV1,1002,33651,0,-1,0.0,0.0,0.0,0.000000,0.000000,0.000000*09
$CV1,1003,33680,0,-1,0.0,0.0,0.0,0.000000,0.000000,0.000000*04
$CV1,1004,33714,0,-1,0.0,0.0,0.0,0.000000,0.000000,0.000000*0F
$CV1,1005,33749,0,-1,0.0,0.0,0.0,0.000000,0.000000,0.000000*06
$CV1,1006,33781,0,-1,0.0,0.0,0.0,0.000000,0.000000,0.000000*01
$CV1,1007,33812,0,-1,0.0,0.0,0.0,0.000000,0.000000,0.000000*05
$CV1,1008,33845,0,-1,0.0,0.0,0.0,0.000000,0.000000,0.000000*08
$CV1,1009,33876,0,-1,0.0,0.0,0.0,0.000000,0.000000,0.000000*09
$CV1,1010,33908,0,-1,0.0,0.0,0.0,0.000000,0.000000,0.000000*09
$CV1,1011,33943,0,-1,0.0,0.0,0.0,0.000000,0.000000,0.000000*07
$CV1,1012,33989,0,-1,0.0,0.0,0.0,0.000000,0.000000,0.000000*02
$CV1,1013,34019,0,-1,0.0,0.0,0.0,0.000000,0.000000,0.000000*04
$CV1,1014,34054,0,-1,0.0,0.0,0.0,0.000000,0.000000,0.000000*0A
$CV1,1015,34084,0,-1,0.0,0.0,0.0,0.000000,0.000000,0.000000*06
$CV1,1016,34115,0,-1,0.0,0.0,0.0,0.000000,0.000000,0.000000*0C
$CV1,1017,34147,0,-1,0.0,0.0,0.0,0.000000,0.000000,0.000000*0A
$CV1,1018,34178,0,-1,0.0,0.0,0.0,0.000000,0.000000,0.000000*09
$CV1,1019,34210,0,-1,0.0,0.0,0.0,0.000000,0.000000,0.000000*05
$CV1,1020,34243,0,-1,0.0,0.0,0.0,0.000000,0.000000,0.000000*09
$CV1,1021,34274,0,-1,0.0,0.0,0.0,0.000000,0.000000,0.000000*0C
$CV1,1022,34306,0,-1,0.0,0.0,0.0,0.000000,0.000000,0.000000*0B
$CV1,1023,34338,0,-1,0.0,0.0,0.0,0.000000,0.000000,0.000000*07
$CV1,1024,34385,0,-1,0.0,0.0,0.0,0.000000,0.000000,0.000000*06
$CV1,1025,34416,0,-1,0.0,0.0,0.0,0.000000,0.000000,0.000000*0A
$CV1,1026,34449,0,-1,0.0,0.0,0.0,0.000000,0.000000,0.000000*03
$CV1,1027,34480,0,-1,0.0,0.0,0.0,0.000000,0.000000,0.000000*07
$CV1,1028,34512,0,-1,0.0,0.0,0.0,0.000000,0.000000,0.000000*02
$CV1,1029,34544,0,-1,0.0,0.0,0.0,0.000000,0.000000,0.000000*00
$CV1,0,130,0,-1,0.0,0.0,0.0,0.000000,0.000000,0.000000*3A
$CV1,1,221,0,-1,0.0,0.0,0.0,0.000000,0.000000,0.000000*38
$CV1,2,236,0,-1,0.0,0.0,0.0,0.000000,0.000000,0.000000*3D
$CV1,3,253,0,-1,0.0,0.0,0.0,0.000000,0.000000,0.000000*3F
$CV1,4,287,0,-1,0.0,0.0,0.0,0.000000,0.000000,0.000000*31
$CV1,5,319,0,-1,0.0,0.0,0.0,0.000000,0.000000,0.000000*36
$CV1,6,354,0,-1,0.0,0.0,0.0,0.000000,0.000000,0.000000*3C
$CV1,7,385,0,-1,0.0,0.0,0.0,0.000000,0.000000,0.000000*31
$CV1,8,418,0,-1,0.0,0.0,0.0,0.000000,0.000000,0.000000*3D
$CV1,9,451,0,-1,0.0,0.0,0.0,0.000000,0.000000,0.000000*31
$CV1,10,482,0,-1,0.0,0.0,0.0,0.000000,0.000000,0.000000*07
$CV1,11,513,0,-1,0.0,0.0,0.0,0.000000,0.000000,0.000000*0F
$CV1,12,544,0,-1,0.0,0.0,0.0,0.000000,0.000000,0.000000*0E
$CV1,13,591,0,-1,0.0,0.0,0.0,0.000000,0.000000,0.000000*07
$CV1,14,625,0,-1,0.0,0.0,0.0,0.000000,0.000000,0.000000*0C
$CV1,15,658,0,-1,0.0,0.0,0.0,0.000000,0.000000,0.000000*07
$CV1,16,689,0,-1,0.0,0.0,0.0,0.000000,0.000000,0.000000*08
$CV1,17,719,0,-1,0.0,0.0,0.0,0.000000,0.000000,0.000000*01
$CV1,18,751,0,-1,0.0,0.0,0.0,0.000000,0.000000,0.000000*02
$CV1,19,784,0,-1,0.0,0.0,0.0,0.000000,0.000000,0.000000*0B
$CV1,20,816,0,-1,0.0,0.0,0.0,0.000000,0.000000,0.000000*05
$CV1,21,847,0,-1,0.0,0.0,0.0,0.000000,0.000000,0.000000*00
$CV1,22,880,0,-1,0.0,0.0,0.0,0.000000,0.000000,0.000000*08
$CV1,23,910,0,-1,0.0,0.0,0.0,0.000000,0.000000,0.000000*01
$CV1,24,944,0,-1,0.0,0.0,0.0,0.000000,0.000000,0.000000*07
$CV1,25,992,0,-1,0.0,0.0,0.0,0.000000,0.000000,0.000000*0D
$CV1,26,1023,0,-1,0.0,0.0,0.0,0.000000,0.000000,0.000000*3C
$CV1,27,1057,0,-1,0.0,0.0,0.0,0.000000,0.000000,0.000000*3E
$CV1,28,1087,0,-1,0.0,0.0,0.0,0.000000,0.000000,0.000000*3C
$CV1,29,1122,0,-1,0.0,0.0,0.0,0.000000,0.000000,0.000000*33
$CV1,30,1151,0,-1,0.0,0.0,0.0,0.000000,0.000000,0.000000*3F
$CV1,31,1184,0,-1,0.0,0.0,0.0,0.000000,0.000000,0.000000*36
$CV1,32,1214,0,-1,0.0,0.0,0.0,0.000000,0.000000,0.000000*3F
$CV1,33,1247,0,-1,0.0,0.0,0.0,0.000000,0.000000,0.000000*38
$CV1,34,1280,0,-1,0.0,0.0,0.0,0.000000,0.000000,0.000000*34
$CV1,35,1310,0,-1,0.0,0.0,0.0,0.000000,0.000000,0.000000*3D
$CV1,36,1345,0,-1,0.0,0.0,0.0,0.000000,0.000000,0.000000*3E
$CV1,37,1391,0,-1,0.0,0.0,0.0,0.000000,0.000000,0.000000*36
$CV1,38,1422,0,-1,0.0,0.0,0.0,0.000000,0.000000,0.000000*36
$CV1,39,1456,0,-1,0.0,0.0,0.0,0.000000,0.000000,0.000000*34
$CV1,40,1485,0,-1,0.0,0.0,0.0,0.000000,0.000000,0.000000*34
$CV1,41,1519,0,-1,0.0,0.0,0.0,0.000000,0.000000,0.000000*31
$CV1,42,1552,0,-1,0.0,0.0,0.0,0.000000,0.000000,0.000000*3D
$CV1,43,1585,0,-1,0.0,0.0,0.0,0.000000,0.000000,0.000000*36
$CV1,44,1616,0,-1,0.0,0.0,0.0,0.000000,0.000000,0.000000*38
$CV1,45,1648,0,-1,0.0,0.0,0.0,0.000000,0.000000,0.000000*32
$CV1,46,1680,0,-1,0.0,0.0,0.0,0.000000,0.000000,0.000000*35
$CV1,47,1712,0,-1,0.0,0.0,0.0,0.000000,0.000000,0.000000*3E
$CV1,48,1759,0,-1,0.0,0.0,0.0,0.000000,0.000000,0.000000*3E
$CV1,49,1790,0,-1,0.0,0.0,0.0,0.000000,0.000000,0.000000*3A
$CV1,50,1822,0,-1,0.0,0.0,0.0,0.000000,0.000000,0.000000*34
$CV1,51,1854,0,-1,0.0,0.0,0.0,0.000000,0.000000,0.000000*34
$CV1,52,1886,0,-1,0.0,0.0,0.0,0.000000,0.000000,0.000000*38
$CV1,53,1920,0,-1,0.0,0.0,0.0,0.000000,0.000000,0.000000*34
$CV1,54,1951,0,-1,0.0,0.0,0.0,0.000000,0.000000,0.000000*35
$CV1,55,1984,0,-1,0.0,0.0,0.0,0.000000,0.000000,0.000000*3C
$CV1,56,2014,0,-1,0.0,0.0,0.0,0.000000,0.000000,0.000000*3C
$CV1,57,2049,0,-1,0.0,0.0,0.0,0.000000,0.000000,0.000000*35
$CV1,58,2080,0,-1,0.0,0.0,0.0,0.000000,0.000000,0.000000*3F
$CV1,59,2112,0,-1,0.0,0.0,0.0,0.000000,0.000000,0.000000*34
$CV1,60,2161,0,-1,0.0,0.0,0.0,0.000000,0.000000,0.000000*3A
$CV1,61,2192,0,-1,0.0,0.0,0.0,0.000000,0.000000,0.000000*37
$CV1,62,2223,0,-1,0.0,0.0,0.0,0.000000,0.000000,0.000000*3D
$CV1,63,2256,0,-1,0.0,0.0,0.0,0.000000,0.000000,0.000000*3E
$CV1,64,2289,0,-1,0.0,0.0,0.0,0.000000,0.000000,0.000000*3B
$CV1,65,2318,0,-1,0.0,0.0,0.0,0.000000,0.000000,0.000000*33
$CV1,66,2351,0,-1,0.0,0.0,0.0,0.000000,0.000000,0.000000*3D
$CV1,67,2384,0,-1,0.0,0.0,0.0,0.000000,0.000000,0.000000*34
$CV1,68,2416,0,-1,0.0,0.0,0.0,0.000000,0.000000,0.000000*37
$CV1,69,2448,0,-1,0.0,0.0,0.0,0.000000,0.000000,0.000000*3D
$CV1,70,2481,0,-1,0.0,0.0,0.0,0.000000,0.000000,0.000000*30
$CV1,71,2513,0,-1,0.0,0.0,0.0,0.000000,0.000000,0.000000*3B
$CV1,72,2558,0,-1,0.0,0.0,0.0,0.000000,0.000000,0.000000*37
$CV1,73,2591,0,-1,0.0,0.0,0.0,0.000000,0.000000,0.000000*33
$CV1,74,2624,0,-1,0.0,0.0,0.0,0.000000,0.000000,0.000000*39
$CV1,75,2656,0,-1,0.0,0.0,0.0,0.000000,0.000000,0.000000*3D
$CV1,76,2687,0,-1,0.0,0.0,0.0,0.000000,0.000000,0.000000*32
$CV1,77,2720,0,-1,0.0,0.0,0.0,0.000000,0.000000,0.000000*3F
$CV1,78,2753,0,-1,0.0,0.0,0.0,0.000000,0.000000,0.000000*34
$CV1,79,2785,0,-1,0.0,0.0,0.0,0.000000,0.000000,0.000000*3E
$CV1,80,2816,0,-1,0.0,0.0,0.0,0.000000,0.000000,0.000000*3D
$CV1,81,2849,0,-1,0.0,0.0,0.0,0.000000,0.000000,0.000000*36
$CV1,82,2881,0,-1,0.0,0.0,0.0,0.000000,0.000000,0.000000*31
$CV1,83,2913,0,-1,0.0,0.0,0.0,0.000000,0.000000,0.000000*3A
$CV1,84,2959,0,-1,0.0,0.0,0.0,0.000000,0.000000,0.000000*33
$CV1,85,2993,0,-1,0.0,0.0,0.0,0.000000,0.000000,0.000000*34
$CV1,86,3023,0,-1,0.0,0.0,0.0,0.000000,0.000000,0.000000*34
$CV1,87,3056,0,-1,0.0,0.0,0.0,0.000000,0.000000,0.000000*37
$CV1,88,3090,0,-1,0.0,0.0,0.0,0.000000,0.000000,0.000000*32
$CV1,89,3120,0,-1,0.0,0.0,0.0,0.000000,0.000000,0.000000*39
$CV1,90,3154,0,-1,0.0,0.0,0.0,0.000000,0.000000,0.000000*32
$CV1,91,3186,0,-1,0.0,0.0,0.0,0.000000,0.000000,0.000000*3C
$CV1,92,3219,0,-1,0.0,0.0,0.0,0.000000,0.000000,0.000000*3A
$CV1,93,3247,0,-1,0.0,0.0,0.0,0.000000,0.000000,0.000000*30
$CV1,94,3280,0,-1,0.0,0.0,0.0,0.000000,0.000000,0.000000*3C
$CV1,95,3331,0,-1,0.0,0.0,0.0,0.000000,0.000000,0.000000*36
$CV1,96,3363,0,-1,0.0,0.0,0.0,0.000000,0.000000,0.000000*32
$CV1,97,3393,0,-1,0.0,0.0,0.0,0.000000,0.000000,0.000000*3C
$CV1,98,3426,0,-1,0.0,0.0,0.0,0.000000,0.000000,0.000000*3A
$CV1,99,3459,0,-1,0.0,0.0,0.0,0.000000,0.000000,0.000000*33
$CV1,100,3491,0,-1,0.0,0.0,0.0,0.000000,0.000000,0.000000*06
$CV1,101,3524,0,-1,0.0,0.0,0.0,0.000000,0.000000,0.000000*08
$CV1,102,3555,0,-1,0.0,0.0,0.0,0.000000,0.000000,0.000000*0D
$CV1,103,3585,0,-1,0.0,0.0,0.0,0.000000,0.000000,0.000000*01
$CV1,104,3618,0,-1,0.0,0.0,0.0,0.000000,0.000000,0.000000*01
$CV1,105,3652,0,-1,0.0,0.0,0.0,0.000000,0.000000,0.000000*0E
$CV1,106,3682,0,-1,0.0,0.0,0.0,0.000000,0.000000,0.000000*00
$CV1,107,3728,0,-1,0.0,0.0,0.0,0.000000,0.000000,0.000000*00
$CV1,108,3760,0,-1,0.0,0.0,0.0,0.000000,0.000000,0.000000*03
$CV1,109,3793,0,-1,0.0,0.0,0.0,0.000000,0.000000,0.000000*0E
$CV1,110,3826,0,-1,0.0,0.0,0.0,0.000000,0.000000,0.000000*07
$CV1,111,3858,0,-1,0.0,0.0,0.0,0.000000,0.000000,0.000000*0F
$CV1,112,3891,0,-1,0.0,0.0,0.0,0.000000,0.000000,0.000000*09
$CV1,113,3922,0,-1,0.0,0.0,0.0,0.000000,0.000000,0.000000*01
$CV1,114,3954,0,-1,0.0,0.0,0.0,0.000000,0.000000,0.000000*07
$CV1,115,3986,0,-1,0.0,0.0,0.0,0.000000,0.000000,0.000000*09
$CV1,116,4017,0,-1,0.0,0.0,0.0,0.000000,0.000000,0.000000*0C
$CV1,117,4051,0,-1,0.0,0.0,0.0,0.000000,0.000000,0.000000*0F
$CV1,118,4081,0,-1,0.0,0.0,0.0,0.000000,0.000000,0.000000*0D
$CV1,119,4131,0,-1,0.0,0.0,0.0,0.000000,0.000000,0.000000*06
$CV1,120,4162,0,-1,0.0,0.0,0.0,0.000000,0.000000,0.000000*0A
$CV1,121,4193,0,-1,0.0,0.0,0.0,0.000000,0.000000,0.000000*05
$CV1,122,4224,0,-1,0.0,0.0,0.0,0.000000,0.000000,0.000000*09
$CV1,123,4259,0,-1,0.0,0.0,0.0,0.000000,0.000000,0.000000*02
$CV1,124,4289,0,-1,0.0,0.0,0.0,0.000000,0.000000,0.000000*08
$CV1,125,4320,0,-1,0.0,0.0,0.0,0.000000,0.000000,0.000000*0B
$CV1,126,4352,0,-1,0.0,0.0,0.0,0.000000,0.000000,0.000000*0D
$CV1,127,4384,0,-1,0.0,0.0,0.0,0.000000,0.000000,0.000000*07
$CV1,128,4419,0,-1,0.0,0.0,0.0,0.000000,0.000000,0.000000*0B
$CV1,129,4450,0,-1,0.0,0.0,0.0,0.000000,0.000000,0.000000*07
$CV1,130,4483,0,-1,0.0,0.0,0.0,0.000000,0.000000,0.000000*01
$CV1,131,4527,0,-1,0.0,0.0,0.0,0.000000,0.000000,0.000000*0F
$CV1,132,4562,0,-1,0.0,0.0,0.0,0.000000,0.000000,0.000000*0D
$CV1,133,4594,0,-1,0.0,0.0,0.0,0.000000,0.000000,0.000000*05
$CV1,134,4626,0,-1,0.0,0.0,0.0,0.000000,0.000000,0.000000*08
$CV1,135,4658,0,-1,0.0,0.0,0.0,0.000000,0.000000,0.000000*00
$CV1,136,4688,0,-1,0.0,0.0,0.0,0.000000,0.000000,0.000000*0E
$CV1,137,4722,0,-1,0.0,0.0,0.0,0.000000,0.000000,0.000000*0E
$CV1,138,4753,0,-1,0.0,0.0,0.0,0.000000,0.000000,0.000000*07
$CV1,139,4787,0,-1,0.0,0.0,0.0,0.000000,0.000000,0.000000*0F
$CV1,140,4820,0,-1,0.0,0.0,0.0,0.000000,0.000000,0.000000*03
$CV1,141,4849,0,-1,0.0,0.0,0.0,0.000000,0.000000,0.000000*0D
$CV1,142,4899,0,-1,0.0,0.0,0.0,0.000000,0.000000,0.000000*03
$CV1,143,4930,0,-1,0.0,0.0,0.0,0.000000,0.000000,0.000000*00
$CV1,144,4961,0,-1,0.0,0.0,0.0,0.000000,0.000000,0.000000*03
$CV1,145,4995,0,-1,0.0,0.0,0.0,0.000000,0.000000,0.000000*09
$CV1,146,5025,0,-1,0.0,0.0,0.0,0.000000,0.000000,0.000000*09
$CV1,147,5060,0,-1,0.0,0.0,0.0,0.000000,0.000000,0.000000*09
$CV1,148,5092,0,-1,0.0,0.0,0.0,0.000000,0.000000,0.000000*0B
$CV1,149,5123,0,-1,0.0,0.0,0.0,0.000000,0.000000,0.000000*01
$CV1,150,5154,0,-1,0.0,0.0,0.0,0.000000,0.000000,0.000000*09
$CV1,151,5187,0,-1,0.0,0.0,0.0,0.000000,0.000000,0.000000*06
$CV1,152,5220,0,-1,0.0,0.0,0.0,0.000000,0.000000,0.000000*0B
$CV1,153,5250,0,-1,0.0,0.0,0.0,0.000000,0.000000,0.000000*0D
$CV1,154,5299,0,-1,0.0,0.0,0.0,0.000000,0.000000,0.000000*0F
$CV1,155,5328,0,-1,0.0,0.0,0.0,0.000000,0.000000,0.000000*05
$CV1,156,5362,0,-1,0.0,0.0,0.0,0.000000,0.000000,0.000000*08
$CV1,157,5393,0,-1,0.0,0.0,0.0,0.000000,0.000000,0.000000*07
$CV1,158,5423,0,-1,0.0,0.0,0.0,0.000000,0.000000,0.000000*04
$CV1,159,5459,0,-1,0.0,0.0,0.0,0.000000,0.000000,0.000000*08
$CV1,160,5490,0,-1,0.0,0.0,0.0,0.000000,0.000000,0.000000*07
$CV1,161,5522,0,-1,0.0,0.0,0.0,0.000000,0.000000,0.000000*0E
$CV1,162,5554,0,-1,0.0,0.0,0.0,0.000000,0.000000,0.000000*0C
$CV1,163,5588,0,-1,0.0,0.0,0.0,0.000000,0.000000,0.000000*0C
$CV1,164,5621,0,-1,0.0,0.0,0.0,0.000000,0.000000,0.000000*0B
$CV1,165,5649,0,-1,0.0,0.0,0.0,0.000000,0.000000,0.000000*04
$CV1,166,5699,0,-1,0.0,0.0,0.0,0.000000,0.000000,0.000000*0A
$CV1,167,5730,0,-1,0.0,0.0,0.0,0.000000,0.000000,0.000000*09
$CV1,168,5763,0,-1,0.0,0.0,0.0,0.000000,0.000000,0.000000*00
$CV1,169,5792,0,-1,0.0,0.0,0.0,0.000000,0.000000,0.000000*0F
$CV1,170,5826,0,-1,0.0,0.0,0.0,0.000000,0.000000,0.000000*07
$CV1,171,5859,0,-1,0.0,0.0,0.0,0.000000,0.000000,0.000000*0E
$CV1,172,5890,0,-1,0.0,0.0,0.0,0.000000,0.000000,0.000000*08
$CV1,173,5922,0,-1,0.0,0.0,0.0,0.000000,0.000000,0.000000*01
$CV1,174,5955,0,-1,0.0,0.0,0.0,0.000000,0.000000,0.000000*06
$CV1,175,5989,0,-1,0.0,0.0,0.0,0.000000,0.000000,0.000000*06
$CV1,176,6019,0,-1,0.0,0.0,0.0,0.000000,0.000000,0.000000*06
$CV1,177,6068,0,-1,0.0,0.0,0.0,0.000000,0.000000,0.000000*01
$CV1,178,6100,0,-1,0.0,0.0,0.0,0.000000,0.000000,0.000000*01
$CV1,179,6133,0,-1,0.0,0.0,0.0,0.000000,0.000000,0.000000*00
$CV1,180,6164,0,-1,0.0,0.0,0.0,0.000000,0.000000,0.000000*04
$CV1,181,6195,0,-1,0.0,0.0,0.0,0.000000,0.000000,0.000000*0B
$CV1,182,6226,0,-1,0.0,0.0,0.0,0.000000,0.000000,0.000000*03
$CV1,183,6259,0,-1,0.0,0.0,0.0,0.000000,0.000000,0.000000*0A
$CV1,184,6293,0,-1,0.0,0.0,0.0,0.000000,0.000000,0.000000*0B
$CV1,185,6325,0,-1,0.0,0.0,0.0,0.000000,0.000000,0.000000*06
$CV1,186,6357,0,-1,0.0,0.0,0.0,0.000000,0.000000,0.000000*00
$CV1,187,6389,0,-1,0.0,0.0,0.0,0.000000,0.000000,0.000000*02
$CV1,188,6418,0,-1,0.0,0.0,0.0,0.000000,0.000000,0.000000*02
$CV1,189,6469,0,-1,0.0,0.0,0.0,0.000000,0.000000,0.000000*05
$CV1,190,6500,0,-1,0.0,0.0,0.0,0.000000,0.000000,0.000000*03
$CV1,191,6531,0,-1,0.0,0.0,0.0,0.000000,0.000000,0.000000*00
$CV1,192,6564,0,-1,0.0,0.0,0.0,0.000000,0.000000,0.000000*03
$CV1,193,6596,0,-1,0.0,0.0,0.0,0.000000,0.000000,0.000000*0F
$CV1,194,6626,0,-1,0.0,0.0,0.0,0.000000,0.000000,0.000000*00
$CV1,195,6659,0,-1,0.0,0.0,0.0,0.000000,0.000000,0.000000*09
$CV1,196,6692,0,-1,0.0,0.0,0.0,0.000000,0.000000,0.000000*0D
$CV1,197,6724,0,-1,0.0,0.0,0.0,0.000000,0.000000,0.000000*00
$CV1,198,6755,0,-1,0.0,0.0,0.0,0.000000,0.000000,0.000000*09
$CV1,199,6788,0,-1,0.0,0.0,0.0,0.000000,0.000000,0.000000*08
$CV1,200,6819,0,-1,0.0,0.0,0.0,0.000000,0.000000,0.000000*0C
$CV1,201,6868,0,-1,0.0,0.0,0.0,0.000000,0.000000,0.000000*0B
$CV1,202,6899,0,-1,0.0,0.0,0.0,0.000000,0.000000,0.000000*06
$CV1,203,6932,0,-1,0.0,0.0,0.0,0.000000,0.000000,0.000000*07
$CV1,204,6961,0,-1,0.0,0.0,0.0,0.000000,0.000000,0.000000*06
$CV1,205,6995,0,-1,0.0,0.0,0.0,0.000000,0.000000,0.000000*0C
$CV1,206,7026,0,-1,0.0,0.0,0.0,0.000000,0.000000,0.000000*0F
$CV1,207,7057,0,-1,0.0,0.0,0.0,0.000000,0.000000,0.000000*08
$CV1,208,7092,0,-1,0.0,0.0,0.0,0.000000,0.000000,0.000000*0E
$CV1,209,7120,0,-1,0.0,0.0,0.0,0.000000,0.000000,0.000000*07
$CV1,210,7156,0,-1,0.0,0.0,0.0,0.000000,0.000000,0.000000*0E
$CV1,211,7188,0,-1,0.0,0.0,0.0,0.000000,0.000000,0.000000*0C
$CV1,212,7217,0,-1,0.0,0.0,0.0,0.000000,0.000000,0.000000*0A
$CV1,213,7268,0,-1,0.0,0.0,0.0,0.000000,0.000000,0.000000*03
$CV1,214,7298,0,-1,0.0,0.0,0.0,0.000000,0.000000,0.000000*0B
$CV1,215,7333,0,-1,0.0,0.0,0.0,0.000000,0.000000,0.000000*0A
$CV1,216,7364,0,-1,0.0,0.0,0.0,0.000000,0.000000,0.000000*0B
$CV1,217,7396,0,-1,0.0,0.0,0.0,0.000000,0.000000,0.000000*07
$CV1,218,7426,0,-1,0.0,0.0,0.0,0.000000,0.000000,0.000000*04
$CV1,219,7460,0,-1,0.0,0.0,0.0,0.000000,0.000000,0.000000*07
$CV1,220,7491,0,-1,0.0,0.0,0.0,0.000000,0.000000,0.000000*03
$CV1,221,7522,0,-1,0.0,0.0,0.0,0.000000,0.000000,0.000000*0B
$CV1,222,7555,0,-1,0.0,0.0,0.0,0.000000,0.000000,0.000000*08
$CV1,223,7586,0,-1,0.0,0.0,0.0,0.000000,0.000000,0.000000*07
$CV1,224,7636,0,-1,0.0,0.0,0.0,0.000000,0.000000,0.000000*08
$CV1,225,7665,0,-1,0.0,0.0,0.0,0.000000,0.000000,0.000000*0F
$CV1,226,7701,0,-1,0.0,0.0,0.0,0.000000,0.000000,0.000000*0F
$CV1,227,7729,0,-1,0.0,0.0,0.0,0.000000,0.000000,0.000000*04
$CV1,228,7764,0,-1,0.0,0.0,0.0,0.000000,0.000000,0.000000*02
$CV1,229,7794,0,-1,0.0,0.0,0.0,0.000000,0.000000,0.000000*0C
$CV1,230,7826,0,-1,0.0,0.0,0.0,0.000000,0.000000,0.000000*02
$CV1,231,7859,0,-1,0.0,0.0,0.0,0.000000,0.000000,0.000000*0B
$CV1,232,7890,0,-1,0.0,0.0,0.0,0.000000,0.000000,0.000000*0D
$CV1,233,7924,0,-1,0.0,0.0,0.0,0.000000,0.000000,0.000000*02
$CV1,234,7954,0,-1,0.0,0.0,0.0,0.000000,0.000000,0.000000*02
$CV1,235,7987,0,-1,0.0,0.0,0.0,0.000000,0.000000,0.000000*0D
$CV1,236,8035,0,-1,0.0,0.0,0.0,0.000000,0.000000,0.000000*01
$CV1,237,8065,0,-1,0.0,0.0,0.0,0.000000,0.000000,0.000000*05
$CV1,238,8100,0,-1,0.0,0.0,0.0,0.000000,0.000000,0.000000*08
$CV1,239,8131,0,-1,0.0,0.0,0.0,0.000000,0.000000,0.000000*0B
$CV1,240,8165,0,-1,0.0,0.0,0.0,0.000000,0.000000,0.000000*04
$CV1,241,8196,0,-1,0.0,0.0,0.0,0.000000,0.000000,0.000000*09
$CV1,242,8227,0,-1,0.0,0.0,0.0,0.000000,0.000000,0.000000*03
$CV1,243,8260,0,-1,0.0,0.0,0.0,0.000000,0.000000,0.000000*01
$CV1,244,8290,0,-1,0.0,0.0,0.0,0.000000,0.000000,0.000000*09
$CV1,245,8323,0,-1,0.0,0.0,0.0,0.000000,0.000000,0.000000*01
$CV1,246,8355,0,-1,0.0,0.0,0.0,0.000000,0.000000,0.000000*03
$CV1,247,8388,0,-1,0.0,0.0,0.0,0.000000,0.000000,0.000000*02
$CV1,248,8433,0,-1,0.0,0.0,0.0,0.000000,0.000000,0.000000*0A
$CV1,249,8468,0,-1,0.0,0.0,0.0,0.000000,0.000000,0.000000*05
$CV1,250,8497,0,-1,0.0,0.0,0.0,0.000000,0.000000,0.000000*0D
$CV1,251,8532,0,-1,0.0,0.0,0.0,0.000000,0.000000,0.000000*02
$CV1,252,8559,0,-1,0.0,0.0,0.0,0.000000,0.000000,0.000000*0C
$CV1,253,8595,0,-1,0.0,0.0,0.0,0.000000,0.000000,0.000000*0D
$CV1,254,8627,0,-1,0.0,0.0,0.0,0.000000,0.000000,0.000000*00
$CV1,255,8660,0,-1,0.0,0.0,0.0,0.000000,0.000000,0.000000*02
$CV1,256,8690,0,-1,0.0,0.0,0.0,0.000000,0.000000,0.000000*0E
$CV1,257,8722,0,-1,0.0,0.0,0.0,0.000000,0.000000,0.000000*07
$CV1,258,8752,0,-1,0.0,0.0,0.0,0.000000,0.000000,0.000000*0F
$CV1,259,8788,0,-1,0.0,0.0,0.0,0.000000,0.000000,0.000000*09
$CV1,260,8832,0,-1,0.0,0.0,0.0,0.000000,0.000000,0.000000*0D
$CV1,261,8867,0,-1,0.0,0.0,0.0,0.000000,0.000000,0.000000*0C
$CV1,262,8896,0,-1,0.0,0.0,0.0,0.000000,0.000000,0.000000*01
$CV1,263,8931,0,-1,0.0,0.0,0.0,0.000000,0.000000,0.000000*0C
$CV1,264,8961,0,-1,0.0,0.0,0.0,0.000000,0.000000,0.000000*0E
$CV1,265,8994,0,-1,0.0,0.0,0.0,0.000000,0.000000,0.000000*05
$CV1,266,9029,0,-1,0.0,0.0,0.0,0.000000,0.000000,0.000000*08
$CV1,267,9058,0,-1,0.0,0.0,0.0,0.000000,0.000000,0.000000*0F
$CV1,268,9090,0,-1,0.0,0.0,0.0,0.000000,0.000000,0.000000*04
$CV1,269,9123,0,-1,0.0,0.0,0.0,0.000000,0.000000,0.000000*0C
$CV1,270,9155,0,-1,0.0,0.0,0.0,0.000000,0.000000,0.000000*05
$CV1,271,9202,0,-1,0.0,0.0,0.0,0.000000,0.000000,0.000000*05
$CV1,272,9232,0,-1,0.0,0.0,0.0,0.000000,0.000000,0.000000*05
$CV1,273,9266,0,-1,0.0,0.0,0.0,0.000000,0.000000,0.000000*05
$CV1,274,9296,0,-1,0.0,0.0,0.0,0.000000,0.000000,0.000000*0D
$CV1,275,9330,0,-1,0.0,0.0,0.0,0.000000,0.000000,0.000000*01
$CV1,276,9361,0,-1,0.0,0.0,0.0,0.000000,0.000000,0.000000*06
$CV1,277,9394,0,-1,0.0,0.0,0.0,0.000000,0.000000,0.000000*0D
$CV1,278,9424,0,-1,0.0,0.0,0.0,0.000000,0.000000,0.000000*0E
$CV1,279,9458,0,-1,0.0,0.0,0.0,0.000000,0.000000,0.000000*04
$CV1,280,9490,0,-1,0.0,0.0,0.0,0.000000,0.000000,0.000000*06
$CV1,281,9520,0,-1,0.0,0.0,0.0,0.000000,0.000000,0.000000*0D
$CV1,282,9553,0,-1,0.0,0.0,0.0,0.000000,0.000000,0.000000*0A
$CV1,283,9603,0,-1,0.0,0.0,0.0,0.000000,0.000000,0.000000*0D
$CV1,284,9631,0,-1,0.0,0.0,0.0,0.000000,0.000000,0.000000*0B
$CV1,285,9665,0,-1,0.0,0.0,0.0,0.000000,0.000000,0.000000*0B
$CV1,286,9699,0,-1,0.0,0.0,0.0,0.000000,0.000000,0.000000*0B
$CV1,287,9731,0,-1,0.0,0.0,0.0,0.000000,0.000000,0.000000*09
$CV1,288,9761,0,-1,0.0,0.0,0.0,0.000000,0.000000,0.000000*03
$CV1,289,9793,0,-1,0.0,0.0,0.0,0.000000,0.000000,0.000000*0F
$CV1,290,9826,0,-1,0.0,0.0,0.0,0.000000,0.000000,0.000000*06
$CV1,291,9860,0,-1,0.0,0.0,0.0,0.000000,0.000000,0.000000*05
$CV1,292,9889,0,-1,0.0,0.0,0.0,0.000000,0.000000,0.000000*01
$CV1,293,9923,0,-1,0.0,0.0,0.0,0.000000,0.000000,0.000000*01
$CV1,294,9955,0,-1,0.0,0.0,0.0,0.000000,0.000000,0.000000*07
$CV1,295,9999,0,-1,0.0,0.0,0.0,0.000000,0.000000,0.000000*06
$CV1,296,10035,0,-1,0.0,0.0,0.0,0.000000,0.000000,0.000000*32
$CV1,297,10066,0,-1,0.0,0.0,0.0,0.000000,0.000000,0.000000*35
$CV1,298,10098,0,-1,0.0,0.0,0.0,0.000000,0.000000,0.000000*3B
$CV1,299,10128,0,-1,0.0,0.0,0.0,0.000000,0.000000,0.000000*30
$CV1,300,10163,0,-1,0.0,0.0,0.0,0.000000,0.000000,0.000000*3E
$CV1,301,10195,0,-1,0.0,0.0,0.0,0.000000,0.000000,0.000000*36
$CV1,302,10227,0,-1,0.0,0.0,0.0,0.000000,0.000000,0.000000*3F
$CV1,303,10258,0,-1,0.0,0.0,0.0,0.000000,0.000000,0.000000*36
$CV1,304,10292,0,-1,0.0,0.0,0.0,0.000000,0.000000,0.000000*37
$CV1,305,10324,0,-1,0.0,0.0,0.0,0.000000,0.000000,0.000000*3A
$CV1,306,10372,0,-1,0.0,0.0,0.0,0.000000,0.000000,0.000000*3A
$CV1,307,10400,0,-1,0.0,0.0,0.0,0.000000,0.000000,0.000000*39
$CV1,308,10435,0,-1,0.0,0.0,0.0,0.000000,0.000000,0.000000*30
$CV1,309,10466,0,-1,0.0,0.0,0.0,0.000000,0.000000,0.000000*37
$CV1,310,10497,0,-1,0.0,0.0,0.0,0.000000,0.000000,0.000000*31
$CV1,311,10528,0,-1,0.0,0.0,0.0,0.000000,0.000000,0.000000*35
$CV1,312,10563,0,-1,0.0,0.0,0.0,0.000000,0.000000,0.000000*39
$CV1,313,10595,0,-1,0.0,0.0,0.0,0.000000,0.000000,0.000000*31
$CV1,314,10625,0,-1,0.0,0.0,0.0,0.000000,0.000000,0.000000*3E
$CV1,315,10655,0,-1,0.0,0.0,0.0,0.000000,0.000000,0.000000*38
$CV1,316,10690,0,-1,0.0,0.0,0.0,0.000000,0.000000,0.000000*32
$CV1,317,10724,0,-1,0.0,0.0,0.0,0.000000,0.000000,0.000000*3D
$CV1,318,10772,0,-1,0.0,0.0,0.0,0.000000,0.000000,0.000000*31
$CV1,319,10803,0,-1,0.0,0.0,0.0,0.000000,0.000000,0.000000*39
$CV1,320,10834,0,-1,0.0,0.0,0.0,0.000000,0.000000,0.000000*37
$CV1,321,10865,0,-1,0.0,0.0,0.0,0.000000,0.000000,0.000000*32
$CV1,322,10895,0,-1,0.0,0.0,0.0,0.000000,0.000000,0.000000*3E
$CV1,323,10931,0,-1,0.0,0.0,0.0,0.000000,0.000000,0.000000*30
$CV1,324,10963,0,-1,0.0,0.0,0.0,0.000000,0.000000,0.000000*30
$CV1,325,10995,0,-1,0.0,0.0,0.0,0.000000,0.000000,0.000000*38
$CV1,326,11027,0,-1,0.0,0.0,0.0,0.000000,0.000000,0.000000*3A
$CV1,327,11059,0,-1,0.0,0.0,0.0,0.000000,0.000000,0.000000*32
$CV1,328,11091,0,-1,0.0,0.0,0.0,0.000000,0.000000,0.000000*39
$CV1,329,11124,0,-1,0.0,0.0,0.0,0.000000,0.000000,0.000000*37
$CV1,330,11172,0,-1,0.0,0.0,0.0,0.000000,0.000000,0.000000*3C
$CV1,331,11204,0,-1,0.0,0.0,0.0,0.000000,0.000000,0.000000*3F
$CV1,332,11235,0,-1,0.0,0.0,0.0,0.000000,0.000000,0.000000*3E
$CV1,333,11268,0,-1,0.0,0.0,0.0,0.000000,0.000000,0.000000*37
$CV1,334,11303,0,-1,0.0,0.0,0.0,0.000000,0.000000,0.000000*3C
$CV1,335,11336,0,-1,0.0,0.0,0.0,0.000000,0.000000,0.000000*3B
$CV1,336,11362,0,-1,0.0,0.0,0.0,0.000000,0.000000,0.000000*39
$CV1,337,11395,0,-1,0.0,0.0,0.0,0.000000,0.000000,0.000000*30
$CV1,338,11427,0,-1,0.0,0.0,0.0,0.000000,0.000000,0.000000*31
$CV1,339,11458,0,-1,0.0,0.0,0.0,0.000000,0.000000,0.000000*38
$CV1,340,11492,0,-1,0.0,0.0,0.0,0.000000,0.000000,0.000000*30
$CV1,341,11522,0,-1,0.0,0.0,0.0,0.000000,0.000000,0.000000*3B
$CV1,342,11571,0,-1,0.0,0.0,0.0,0.000000,0.000000,0.000000*3E
$CV1,343,11602,0,-1,0.0,0.0,0.0,0.000000,0.000000,0.000000*38
$CV1,344,11634,0,-1,0.0,0.0,0.0,0.000000,0.000000,0.000000*3A
$CV1,345,11667,0,-1,0.0,0.0,0.0,0.000000,0.000000,0.000000*3D
$CV1,346,11699,0,-1,0.0,0.0,0.0,0.000000,0.000000,0.000000*3F
$CV1,347,11731,0,-1,0.0,0.0,0.0,0.000000,0.000000,0.000000*3D
$CV1,348,11763,0,-1,0.0,0.0,0.0,0.000000,0.000000,0.000000*35
$CV1,349,11794,0,-1,0.0,0.0,0.0,0.000000,0.000000,0.000000*3C
$CV1,350,11827,0,-1,0.0,0.0,0.0,0.000000,0.000000,0.000000*33
$CV1,351,11859,0,-1,0.0,0.0,0.0,0.000000,0.000000,0.000000*3B
$CV1,352,11890,0,-1,0.0,0.0,0.0,0.000000,0.000000,0.000000*3D
$CV1,353,11938,0,-1,0.0,0.0,0.0,0.000000,0.000000,0.000000*3F
$CV1,354,11971,0,-1,0.0,0.0,0.0,0.000000,0.000000,0.000000*35
$CV1,355,12002,0,-1,0.0,0.0,0.0,0.000000,0.000000,0.000000*3A
$CV1,356,12034,0,-1,0.0,0.0,0.0,0.000000,0.000000,0.000000*3C
$CV1,357,12066,0,-1,0.0,0.0,0.0,0.000000,0.000000,0.000000*3A
$CV1,358,12098,0,-1,0.0,0.0,0.0,0.000000,0.000000,0.000000*34
$CV1,359,12128,0,-1,0.0,0.0,0.0,0.000000,0.000000,0.000000*3F
$CV1,360,12162,0,-1,0.0,0.0,0.0,0.000000,0.000000,0.000000*3B
$CV1,361,12192,0,-1,0.0,0.0,0.0,0.000000,0.000000,0.000000*35
$CV1,362,12226,0,-1,0.0,0.0,0.0,0.000000,0.000000,0.000000*3A
$CV1,363,12259,0,-1,0.0,0.0,0.0,0.000000,0.000000,0.000000*33
$CV1,364,12291,0,-1,0.0,0.0,0.0,0.000000,0.000000,0.000000*30
$CV1,365,12339,0,-1,0.0,0.0,0.0,0.000000,0.000000,0.000000*32
$CV1,366,12370,0,-1,0.0,0.0,0.0,0.000000,0.000000,0.000000*3C
$CV1,367,12404,0,-1,0.0,0.0,0.0,0.000000,0.000000,0.000000*39
$CV1,368,12435,0,-1,0.0,0.0,0.0,0.000000,0.000000,0.000000*34
$CV1,369,12467,0,-1,0.0,0.0,0.0,0.000000,0.000000,0.000000*32
$CV1,370,12499,0,-1,0.0,0.0,0.0,0.000000,0.000000,0.000000*3B
$CV1,371,12530,0,-1,0.0,0.0,0.0,0.000000,0.000000,0.000000*38
$CV1,372,12563,0,-1,0.0,0.0,0.0,0.000000,0.000000,0.000000*3D
$CV1,373,12594,0,-1,0.0,0.0,0.0,0.000000,0.000000,0.000000*34
$CV1,374,12625,0,-1,0.0,0.0,0.0,0.000000,0.000000,0.000000*3A
$CV1,375,12659,0,-1,0.0,0.0,0.0,0.000000,0.000000,0.000000*30
$CV1,376,12691,0,-1,0.0,0.0,0.0,0.000000,0.000000,0.000000*37
$CV1,377,12737,0,-1,0.0,0.0,0.0,0.000000,0.000000,0.000000*3B
$CV1,378,12771,0,-1,0.0,0.0,0.0,0.000000,0.000000,0.000000*36
$CV1,379,12802,0,-1,0.0,0.0,0.0,0.000000,0.000000,0.000000*3C
$CV1,380,12834,0,-1,0.0,0.0,0.0,0.000000,0.000000,0.000000*3F
$CV1,381,12863,0,-1,0.0,0.0,0.0,0.000000,0.000000,0.000000*3C
$CV1,382,12898,0,-1,0.0,0.0,0.0,0.000000,0.000000,0.000000*3B
$CV1,383,12931,0,-1,0.0,0.0,0.0,0.000000,0.000000,0.000000*38
$CV1,384,12963,0,-1,0.0,0.0,0.0,0.000000,0.000000,0.000000*38
$CV1,385,12992,0,-1,0.0,0.0,0.0,0.000000,0.000000,0.000000*37
$CV1,386,13026,0,-1,0.0,0.0,0.0,0.000000,0.000000,0.000000*33
$CV1,387,13057,0,-1,0.0,0.0,0.0,0.000000,0.000000,0.000000*34
$CV1,388,13092,0,-1,0.0,0.0,0.0,0.000000,0.000000,0.000000*32
$CV1,389,13138,0,-1,0.0,0.0,0.0,0.000000,0.000000,0.000000*32
$CV1,390,13173,0,-1,0.0,0.0,0.0,0.000000,0.000000,0.000000*35
$CV1,391,13205,0,-1,0.0,0.0,0.0,0.000000,0.000000,0.000000*36
$CV1,392,13234,0,-1,0.0,0.0,0.0,0.000000,0.000000,0.000000*37
$CV1,393,13268,0,-1,0.0,0.0,0.0,0.000000,0.000000,0.000000*3F
$CV1,394,13299,0,-1,0.0,0.0,0.0,0.000000,0.000000,0.000000*36
$CV1,395,13332,0,-1,0.0,0.0,0.0,0.000000,0.000000,0.000000*37
$CV1,396,13364,0,-1,0.0,0.0,0.0,0.000000,0.000000,0.000000*37
$CV1,397,13395,0,-1,0.0,0.0,0.0,0.000000,0.000000,0.000000*38
$CV1,398,13428,0,-1,0.0,0.0,0.0,0.000000,0.000000,0.000000*36
$CV1,399,13460,0,-1,0.0,0.0,0.0,0.000000,0.000000,0.000000*3B
$CV1,400,13506,0,-1,0.0,0.0,0.0,0.000000,0.000000,0.000000*3D
$CV1,401,13539,0,-1,0.0,0.0,0.0,0.000000,0.000000,0.000000*30
$CV1,402,13572,0,-1,0.0,0.0,0.0,0.000000,0.000000,0.000000*3C
$CV1,403,13603,0,-1,0.0,0.0,0.0,0.000000,0.000000,0.000000*38
$CV1,404,13635,0,-1,0.0,0.0,0.0,0.000000,0.000000,0.000000*3A
$CV1,405,13668,0,-1,0.0,0.0,0.0,0.000000,0.000000,0.000000*33
$CV1,406,13700,0,-1,0.0,0.0,0.0,0.000000,0.000000,0.000000*3F
$CV1,407,13731,0,-1,0.0,0.0,0.0,0.000000,0.000000,0.000000*3C
$CV1,408,13765,0,-1,0.0,0.0,0.0,0.000000,0.000000,0.000000*32
$CV1,409,13796,0,-1,0.0,0.0,0.0,0.000000,0.000000,0.000000*3F
$CV1,410,13827,0,-1,0.0,0.0,0.0,0.000000,0.000000,0.000000*32
$CV1,411,13860,0,-1,0.0,0.0,0.0,0.000000,0.000000,0.000000*30
$CV1,412,13908,0,-1,0.0,0.0,0.0,0.000000,0.000000,0.000000*3C
$CV1,413,13938,0,-1,0.0,0.0,0.0,0.000000,0.000000,0.000000*3E
$CV1,414,13971,0,-1,0.0,0.0,0.0,0.000000,0.000000,0.000000*34
$CV1,415,14004,0,-1,0.0,0.0,0.0,0.000000,0.000000,0.000000*39
$CV1,416,14035,0,-1,0.0,0.0,0.0,0.000000,0.000000,0.000000*38
$CV1,417,14069,0,-1,0.0,0.0,0.0,0.000000,0.000000,0.000000*30
$CV1,418,14099,0,-1,0.0,0.0,0.0,0.000000,0.000000,0.000000*30
$CV1,419,14131,0,-1,0.0,0.0,0.0,0.000000,0.000000,0.000000*32
$CV1,0,156,0,-1,0.0,0.0,0.0,0.000000,0.000000,0.000000*3A
$CV1,1,237,0,-1,0.0,0.0,0.0,0.000000,0.000000,0.000000*3F
$CV1,2,247,0,-1,0.0,0.0,0.0,0.000000,0.000000,0.000000*3B
$CV1,3,265,0,-1,0.0,0.0,0.0,0.000000,0.000000,0.000000*3A
$CV1,4,314,0,-1,0.0,0.0,0.0,0.000000,0.000000,0.000000*3A
$CV1,5,346,0,-1,0.0,0.0,0.0,0.000000,0.000000,0.000000*3C
$CV1,6,378,0,-1,0.0,0.0,0.0,0.000000,0.000000,0.000000*32
$CV1,7,410,0,-1,0.0,0.0,0.0,0.000000,0.000000,0.000000*3A
$CV1,8,441,0,-1,0.0,0.0,0.0,0.000000,0.000000,0.000000*31
$CV1,9,473,0,-1,0.0,0.0,0.0,0.000000,0.000000,0.000000*31
$CV1,10,506,0,-1,0.0,0.0,0.0,0.000000,0.000000,0.000000*0A
$CV1,11,538,0,-1,0.0,0.0,0.0,0.000000,0.000000,0.000000*06
$CV1,12,569,0,-1,0.0,0.0,0.0,0.000000,0.000000,0.000000*01
$CV1,13,601,0,-1,0.0,0.0,0.0,0.000000,0.000000,0.000000*0D
$CV1,14,633,0,-1,0.0,0.0,0.0,0.000000,0.000000,0.000000*0B
$CV1,15,681,0,-1,0.0,0.0,0.0,0.000000,0.000000,0.000000*03
$CV1,16,714,0,-1,0.0,0.0,0.0,0.000000,0.000000,0.000000*0D
$CV1,17,746,0,-1,0.0,0.0,0.0,0.000000,0.000000,0.000000*0B
$CV1,18,778,0,-1,0.0,0.0,0.0,0.000000,0.000000,0.000000*09
$CV1,19,809,0,-1,0.0,0.0,0.0,0.000000,0.000000,0.000000*01
$CV1,20,841,0,-1,0.0,0.0,0.0,0.000000,0.000000,0.000000*07
$CV1,21,874,0,-1,0.0,0.0,0.0,0.000000,0.000000,0.000000*00
$CV1,22,906,0,-1,0.0,0.0,0.0,0.000000,0.000000,0.000000*07
$CV1,23,937,0,-1,0.0,0.0,0.0,0.000000,0.000000,0.000000*04
$CV1,24,969,0,-1,0.0,0.0,0.0,0.000000,0.000000,0.000000*08
$CV1,25,1002,0,-1,0.0,0.0,0.0,0.000000,0.000000,0.000000*3C
$CV1,26,1034,0,-1,0.0,0.0,0.0,0.000000,0.000000,0.000000*3A
$CV1,27,1081,0,-1,0.0,0.0,0.0,0.000000,0.000000,0.000000*35
$CV1,28,1114,0,-1,0.0,0.0,0.0,0.000000,0.000000,0.000000*37
$CV1,29,1145,0,-1,0.0,0.0,0.0,0.000000,0.000000,0.000000*32
$CV1,30,1177,0,-1,0.0,0.0,0.0,0.000000,0.000000,0.000000*3B
$CV1,31,1210,0,-1,0.0,0.0,0.0,0.000000,0.000000,0.000000*38
$CV1,32,1241,0,-1,0.0,0.0,0.0,0.000000,0.000000,0.000000*3F
$CV1,33,1273,0,-1,0.0,0.0,0.0,0.000000,0.000000,0.000000*3F
$CV1,34,1305,0,-1,0.0,0.0,0.0,0.000000,0.000000,0.000000*38
$CV1,35,1336,0,-1,0.0,0.0,0.0,0.000000,0.000000,0.000000*39
$CV1,36,1369,0,-1,0.0,0.0,0.0,0.000000,0.000000,0.000000*30
$CV1,37,1401,0,-1,0.0,0.0,0.0,0.000000,0.000000,0.000000*38
$CV1,38,1433,0,-1,0.0,0.0,0.0,0.000000,0.000000,0.000000*36
$CV1,39,1481,0,-1,0.0,0.0,0.0,0.000000,0.000000,0.000000*3E
$CV1,40,1513,0,-1,0.0,0.0,0.0,0.000000,0.000000,0.000000*3A
$CV1,41,1545,0,-1,0.0,0.0,0.0,0.000000,0.000000,0.000000*38
$CV1,42,1577,0,-1,0.0,0.0,0.0,0.000000,0.000000,0.000000*3A
$CV1,43,1609,0,-1,0.0,0.0,0.0,0.000000,0.000000,0.000000*31
$CV1,44,1641,0,-1,0.0,0.0,0.0,0.000000,0.000000,0.000000*3A
$CV1,45,1674,0,-1,0.0,0.0,0.0,0.000000,0.000000,0.000000*3D
$CV1,46,1706,0,-1,0.0,0.0,0.0,0.000000,0.000000,0.000000*3A
$CV1,47,1738,0,-1,0.0,0.0,0.0,0.000000,0.000000,0.000000*36
$CV1,48,1770,0,-1,0.0,0.0,0.0,0.000000,0.000000,0.000000*35
$CV1,49,1801,0,-1,0.0,0.0,0.0,0.000000,0.000000,0.000000*3D
$CV1,50,1849,0,-1,0.0,0.0,0.0,0.000000,0.000000,0.000000*39
$CV1,51,1881,0,-1,0.0,0.0,0.0,0.000000,0.000000,0.000000*3C
$CV1,52,1913,0,-1,0.0,0.0,0.0,0.000000,0.000000,0.000000*35
$CV1,53,1944,0,-1,0.0,0.0,0.0,0.000000,0.000000,0.000000*36
$CV1,54,1977,0,-1,0.0,0.0,0.0,0.000000,0.000000,0.000000*31
$CV1,55,2009,0,-1,0.0,0.0,0.0,0.000000,0.000000,0.000000*33
$CV1,56,2042,1,0,-138.0,-106.2,702.7,-1.437170,2.735675,-0.007100*19
$CV1,57,2073,1,0,-136.4,-115.0,695.2,-1.441322,2.659316,-0.233291*1B
$CV1,58,2105,0,-1,0.0,0.0,0.0,0.000000,0.000000,0.000000*33
$CV1,59,2136,0,-1,0.0,0.0,0.0,0.000000,0.000000,0.000000*32
$CV1,60,2169,0,-1,0.0,0.0,0.0,0.000000,0.000000,0.000000*32
$CV1,61,2201,0,-1,0.0,0.0,0.0,0.000000,0.000000,0.000000*3E
$CV1,62,2248,0,-1,0.0,0.0,0.0,0.000000,0.000000,0.000000*30
$CV1,63,2280,0,-1,0.0,0.0,0.0,0.000000,0.000000,0.000000*35
$CV1,64,2313,0,-1,0.0,0.0,0.0,0.000000,0.000000,0.000000*39
$CV1,65,2344,0,-1,0.0,0.0,0.0,0.000000,0.000000,0.000000*3A
$CV1,66,2377,0,-1,0.0,0.0,0.0,0.000000,0.000000,0.000000*39
$CV1,67,2409,0,-1,0.0,0.0,0.0,0.000000,0.000000,0.000000*36
$CV1,68,2440,0,-1,0.0,0.0,0.0,0.000000,0.000000,0.000000*34
$CV1,69,2473,0,-1,0.0,0.0,0.0,0.000000,0.000000,0.000000*35
$CV1,70,2505,0,-1,0.0,0.0,0.0,0.000000,0.000000,0.000000*3D
$CV1,71,2536,0,-1,0.0,0.0,0.0,0.000000,0.000000,0.000000*3C
$CV1,72,2569,0,-1,0.0,0.0,0.0,0.000000,0.000000,0.000000*35
$CV1,73,2601,0,-1,0.0,0.0,0.0,0.000000,0.000000,0.000000*39
$CV1,74,2648,0,-1,0.0,0.0,0.0,0.000000,0.000000,0.000000*33
$CV1,75,2681,0,-1,0.0,0.0,0.0,0.000000,0.000000,0.000000*37
$CV1,76,2713,0,-1,0.0,0.0,0.0,0.000000,0.000000,0.000000*3E
$CV1,77,2745,0,-1,0.0,0.0,0.0,0.000000,0.000000,0.000000*3C
$CV1,78,2777,1,0,-171.2,-116.1,710.7,-1.611053,2.655601,-0.006371*1D
$CV1,79,2809,0,-1,0.0,0.0,0.0,0.000000,0.000000,0.000000*35
$CV1,80,2841,1,0,-164.8,-107.0,685.9,-1.669798,2.639057,0.177594*3B
$CV1,81,2873,1,0,-168.7,-124.0,715.8,-1.548676,2.555532,-0.106718*13
$CV1,82,2905,1,0,-157.7,-112.8,655.0,1.619744,-2.555292,-0.327640*1B
$CV1,83,2937,0,-1,0.0,0.0,0.0,0.000000,0.000000,0.000000*3C
$CV1,84,2970,1,0,-168.1,-110.4,701.3,1.683725,-2.630245,-0.062256*17
$CV1,85,3001,1,0,-169.9,-130.9,716.3,-1.572458,2.541334,-0.241856*17
$CV1,86,3049,0,-1,0.0,0.0,0.0,0.000000,0.000000,0.000000*38
$CV1,87,3081,0,-1,0.0,0.0,0.0,0.000000,0.000000,0.000000*3D
$CV1,88,3113,0,-1,0.0,0.0,0.0,0.000000,0.000000,0.000000*38
$CV1,89,3145,0,-1,0.0,0.0,0.0,0.000000,0.000000,0.000000*3A
$CV1,90,3176,0,-1,0.0,0.0,0.0,0.000000,0.000000,0.000000*32
$CV1,91,3209,0,-1,0.0,0.0,0.0,0.000000,0.000000,0.000000*38
$CV1,92,3241,0,-1,0.0,0.0,0.0,0.000000,0.000000,0.000000*37
$CV1,93,3273,0,-1,0.0,0.0,0.0,0.000000,0.000000,0.000000*37
$CV1,94,3304,0,-1,0.0,0.0,0.0,0.000000,0.000000,0.000000*31
$CV1,95,3337,0,-1,0.0,0.0,0.0,0.000000,0.000000,0.000000*30
$CV1,96,3369,0,-1,0.0,0.0,0.0,0.000000,0.000000,0.000000*38
$CV1,97,3417,0,-1,0.0,0.0,0.0,0.000000,0.000000,0.000000*37
$CV1,98,3449,0,-1,0.0,0.0,0.0,0.000000,0.000000,0.000000*33
$CV1,99,3481,0,-1,0.0,0.0,0.0,0.000000,0.000000,0.000000*36
$CV1,100,3513,0,-1,0.0,0.0,0.0,0.000000,0.000000,0.000000*0D
$CV1,101,3545,0,-1,0.0,0.0,0.0,0.000000,0.000000,0.000000*0F
$CV1,102,3577,0,-1,0.0,0.0,0.0,0.000000,0.000000,0.000000*0D
$CV1,103,3610,0,-1,0.0,0.0,0.0,0.000000,0.000000,0.000000*0E
$CV1,104,3641,0,-1,0.0,0.0,0.0,0.000000,0.000000,0.000000*0D
$CV1,105,3673,0,-1,0.0,0.0,0.0,0.000000,0.000000,0.000000*0D
$CV1,106,3704,0,-1,0.0,0.0,0.0,0.000000,0.000000,0.000000*0F
$CV1,107,3737,0,-1,0.0,0.0,0.0,0.000000,0.000000,0.000000*0E
$CV1,108,3770,1,0,-122.5,-134.5,678.4,-2.056131,2.277324,0.334750*09
$CV1,109,3817,1,0,-122.4,-137.4,684.4,2.071735,-2.352044,-0.131027*2F
$CV1,110,3850,1,0,-119.6,-135.2,683.4,-2.005469,2.244165,0.330273*0D
$CV1,111,3881,1,0,-110.9,-132.1,683.4,-2.009450,2.216921,0.273243*0E
$CV1,112,3914,1,0,-109.2,-133.1,684.5,2.104357,-2.305311,-0.165284*20
$CV1,113,3945,1,0,-108.3,-137.4,684.6,2.084360,-2.339862,-0.105583*2C
$CV1,114,3978,1,0,-104.9,-136.5,681.3,-2.054587,2.297211,0.233512*09
$CV1,115,4010,1,0,-101.8,-135.0,678.6,-2.098286,2.328762,0.192781*0B
$CV1,116,4042,1,0,-102.6,-134.2,671.7,2.053554,-2.283497,-0.094326*2C
$CV1,117,4074,1,0,-107.1,-133.8,669.5,2.046830,-2.281726,-0.152523*24
$CV1,118,4106,1,0,-108.2,-129.5,653.1,2.009109,-2.235083,-0.121743*27
$CV1,119,4138,1,0,-115.0,-130.8,664.8,2.053501,-2.290291,-0.017987*22
$CV1,120,4169,1,0,-122.9,-132.3,664.4,2.060528,-2.303342,-0.103206*2D
$CV1,121,4217,1,0,-127.8,-128.6,656.2,2.027958,-2.243473,-0.192551*2E
$CV1,122,4250,1,0,-132.3,-126.0,675.9,-2.099381,2.298530,0.228644*00
$CV1,123,4282,1,0,-132.3,-120.0,668.5,2.094495,-2.251884,-0.250775*21
$CV1,124,4314,1,0,-130.3,-109.4,653.8,2.109491,-2.211139,-0.363193*25
$CV1,125,4345,1,0,-125.9,-94.3,633.7,2.114463,-2.162611,-0.503210*16
$CV1,126,4378,1,0,-126.5,-86.1,651.3,2.144482,-2.143670,-0.417680*12
$CV1,127,4409,1,0,-131.2,-84.9,682.2,2.179408,-2.180831,-0.209480*15
$CV1,128,4441,1,0,-133.8,-81.6,686.5,2.203862,-2.195524,-0.213345*11
$CV1,129,4474,1,0,-135.6,-80.4,694.5,-2.205688,2.182752,0.233419*36
$CV1,130,4506,1,0,-137.5,-90.9,708.1,-2.177977,2.175955,0.100315*37
$CV1,131,4538,1,0,-131.6,-86.6,677.9,-2.205902,2.176543,0.403643*3B
$CV1,132,4570,1,0,-124.7,-78.7,672.0,-2.177620,2.102814,0.471800*34
$CV1,133,4617,1,0,-126.1,-82.2,701.4,-2.220866,2.145923,0.175074*33
$CV1,134,4649,1,0,-125.0,-84.2,693.5,-2.218441,2.145147,0.243723*3B
$CV1,135,4681,0,-1,0.0,0.0,0.0,0.000000,0.000000,0.000000*04
$CV1,136,4713,0,-1,0.0,0.0,0.0,0.000000,0.000000,0.000000*0D
$CV1,137,4746,1,0,-126.6,-90.1,709.2,-2.224318,2.067756,0.210523*37
$CV1,138,4777,1,0,-127.3,-90.8,694.9,-2.276075,2.091971,0.304273*32
$CV1,139,4810,1,0,-128.2,-89.9,698.7,-2.270953,2.075512,0.296809*3D
$CV1,140,4842,1,0,-132.4,-95.2,715.6,-2.229216,2.045465,0.182538*37
$CV1,141,4873,1,0,-131.8,-95.5,698.8,-2.265168,2.103001,0.313533*30
$CV1,142,4906,1,0,-131.7,-92.6,703.6,-2.271354,2.086082,0.317298*3B
$CV1,143,4938,1,0,-132.4,-97.0,719.9,-2.240287,2.080475,0.221693*3C
$CV1,144,4987,1,0,-130.0,-97.5,709.9,-2.283375,2.114551,0.295171*31
$CV1,145,5018,1,0,-131.6,-93.8,712.2,-2.288959,2.113937,0.258118*3B
$CV1,146,5050,1,0,-133.5,-97.9,721.5,-2.243067,2.091243,0.234657*31
$CV1,147,5082,1,0,-132.1,-96.1,708.0,-2.292776,2.127955,0.281944*35
$CV1,148,5112,1,0,-135.0,-98.0,720.4,-2.259927,2.102215,0.194468*34
$CV1,149,5145,1,0,-135.7,-101.2,718.9,-2.229951,2.080406,0.248433*00
$CV1,150,5177,1,0,-132.2,-99.2,704.1,-2.267017,2.100111,0.313138*34
$CV1,151,5210,1,0,-132.0,-98.2,703.3,-2.278436,2.112494,0.268368*39
$CV1,152,5241,1,0,-133.1,-100.0,706.5,-2.245130,2.091648,0.231675*0E
$CV1,153,5273,1,0,-133.6,-100.6,697.5,-2.270164,2.106407,0.205812*0F
$CV1,154,5305,1,0,-136.2,-102.6,700.9,-2.218688,2.069419,0.205386*02
$CV1,155,5338,1,0,-134.1,-103.1,682.8,-2.265420,2.108928,0.239651*03
$CV1,156,5386,1,0,-135.8,-104.6,685.9,-2.235102,2.084189,0.213499*03
$CV1,157,5418,1,0,-133.9,-105.8,672.5,-2.264464,2.108327,0.250495*07
$CV1,158,5449,1,0,-134.5,-106.4,670.4,-2.242908,2.086474,0.261376*06
$CV1,159,5482,1,0,-134.7,-108.7,671.3,-2.222012,2.075632,0.223066*05
$CV1,160,5513,1,0,-134.8,-110.0,665.1,-2.258956,2.109267,0.215660*0F
$CV1,161,5545,1,0,-135.0,-108.7,656.0,-2.257137,2.110335,0.290893*0A
$CV1,162,5577,1,0,-135.2,-108.8,660.8,-2.242299,2.096956,0.281332*0B
$CV1,163,5609,1,0,-135.6,-109.7,661.3,-2.271926,2.122273,0.242342*05
$CV1,164,5641,1,0,-137.5,-109.7,666.0,-2.223536,2.096841,0.280491*03
$CV1,165,5675,1,0,-132.2,-106.4,661.0,-2.203330,2.054727,0.425816*05
$CV1,166,5706,1,0,-132.2,-109.7,680.5,-2.242332,2.098064,0.227072*0C
$CV1,167,5738,1,0,-128.6,-111.2,677.9,-2.144215,2.046382,0.382903*0F
$CV1,168,5785,1,0,-118.5,-102.8,664.1,-2.176543,2.015389,0.623397*05
$CV1,169,5816,1,0,-118.2,-106.9,703.3,-2.223343,2.092290,0.313656*0C
$CV1,170,5850,1,0,-118.5,-107.7,713.4,-2.204441,2.098456,0.317075*0D
$CV1,171,5881,1,0,-116.6,-107.1,719.4,-2.205683,2.098626,0.371758*01
$CV1,172,5913,1,0,-114.3,-104.0,722.1,-2.202857,2.107954,0.416707*01
$CV1,173,5945,1,0,-109.2,-99.1,726.3,-2.155048,2.047796,0.531812*31
$CV1,174,5977,1,0,-109.3,-104.7,768.3,-2.194821,2.117926,0.223835*05
$CV1,175,6009,1,0,-107.7,-104.2,762.7,-2.184399,2.114952,0.384281*06
$CV1,176,6041,1,0,-102.5,-99.5,759.8,-2.169581,2.086647,0.501262*30
$CV1,177,6073,1,0,-103.7,-104.4,792.1,-2.190074,2.113293,0.228947*00
$CV1,178,6105,1,0,-107.7,-110.6,796.7,-2.162931,2.117047,0.304229*08
$CV1,179,6154,1,0,-103.0,-103.4,766.3,2.205165,-2.159025,-0.507934*2F
$CV1,180,6185,1,0,-104.8,-107.4,814.8,-2.159935,2.136351,0.181106*0F
$CV1,181,6217,1,0,-103.0,-106.5,801.7,-2.203896,2.154943,0.370883*03
$CV1,182,6249,1,0,-103.6,-102.5,796.2,2.207580,-2.144593,-0.302860*26
$CV1,183,6280,1,0,-110.7,-106.8,821.4,-2.187409,2.168961,-0.150493*2C
$CV1,184,6313,1,0,-119.3,-109.5,823.3,-2.236418,2.202683,0.066341*0E
$CV1,185,6345,1,0,-125.8,-111.2,829.6,-2.187104,2.157868,0.211067*05
$CV1,186,6377,1,0,-129.4,-112.6,826.3,-2.226696,2.203428,0.214969*06
$CV1,187,6410,1,0,-137.0,-111.7,821.3,2.176327,-2.180258,-0.093520*2E
$CV1,188,6441,1,0,-147.0,-111.5,832.4,2.207350,-2.202811,-0.193836*25
$CV1,189,6473,1,0,-157.7,-116.5,846.6,-2.216386,2.223465,-0.016237*25
$CV1,190,6505,1,0,-164.1,-112.6,807.4,2.089074,-2.128956,-0.000069*2A
$CV1,191,6553,1,0,-181.7,-115.0,842.5,2.195446,-2.241419,-0.097586*2D
$CV1,192,6585,1,0,-189.4,-116.4,839.2,2.180710,-2.232544,-0.212571*2C
$CV1,193,6618,1,0,-196.2,-114.4,839.5,2.159690,-2.235057,-0.132950*24
$CV1,194,6649,1,0,-204.6,-117.0,851.1,-2.170456,2.247943,0.198967*05
$CV1,195,6681,1,0,-205.3,-115.8,846.8,2.173149,-2.250229,-0.272682*26
$CV1,196,6714,1,0,-209.0,-117.3,860.0,-2.169117,2.242427,0.236346*09
$CV1,197,6745,1,0,-210.7,-117.5,855.2,2.143447,-2.239407,-0.230818*2C
$CV1,198,6777,1,0,-212.1,-115.2,859.8,-2.157708,2.254769,0.307677*07
$CV1,199,6808,1,0,-213.4,-114.4,862.8,2.123440,-2.228210,-0.223232*29
$CV1,200,6842,1,0,-217.6,-114.6,872.5,2.144673,-2.277335,-0.251303*25
$CV1,201,6873,1,0,-217.3,-115.7,881.3,-2.129901,2.255898,0.249320*01
$CV1,202,6906,1,0,-220.7,-119.2,891.3,-2.128939,2.267170,0.182937*05
$CV1,203,6953,1,0,-217.9,-120.4,883.8,-2.107684,2.253540,0.270622*0B
$CV1,204,6985,1,0,-212.4,-116.8,872.8,2.144332,-2.245954,-0.275204*21
$CV1,205,7017,1,0,-220.1,-120.3,893.8,-2.125340,2.244330,0.179406*0B
$CV1,206,7050,1,0,-219.3,-125.4,878.4,2.140615,-2.281912,-0.240273*2D
$CV1,207,7082,1,0,-217.7,-121.1,862.2,2.119557,-2.226923,-0.181958*2F
$CV1,208,7113,1,0,-242.1,-134.6,939.8,-2.109739,2.270885,0.082492*08
$CV1,209,7145,1,0,-221.7,-123.4,844.7,2.122434,-2.243372,-0.243611*26
$CV1,210,7178,1,0,-227.8,-125.2,860.9,-2.137458,2.251303,0.182076*0E
$CV1,211,7210,1,0,-232.5,-131.6,850.2,-2.144271,2.268744,0.187608*0C
$CV1,212,7241,1,0,-228.1,-126.5,820.9,2.143023,-2.263856,-0.258111*2B
$CV1,213,7273,1,0,-232.1,-129.8,837.2,-2.121125,2.235633,0.189958*05
$CV1,214,7306,1,0,-231.6,-131.9,817.8,-2.150197,2.262353,0.198403*08
$CV1,215,7352,1,0,-235.1,-132.4,808.3,-2.139707,2.255108,0.150119*02
$CV1,216,7384,1,0,-237.5,-134.8,805.6,-2.121903,2.233238,0.187929*0C
$CV1,217,7418,1,0,-234.4,-134.4,789.5,-2.143720,2.250031,0.205570*05
$CV1,218,7449,1,0,-235.1,-133.9,781.2,-2.149935,2.246774,0.195860*08
$CV1,219,7482,1,0,-241.7,-138.9,794.8,-2.101166,2.203951,0.140989*0A
$CV1,220,7514,1,0,-237.6,-138.5,769.6,-2.130137,2.242920,0.230061*00
$CV1,221,7545,1,0,-236.5,-135.9,767.9,-2.120946,2.220288,0.255692*0C
$CV1,222,7577,1,0,-235.8,-138.4,774.0,-2.119431,2.225901,0.226023*0B
$CV1,223,7609,1,0,-228.6,-133.7,756.7,-2.120301,2.213935,0.374709*08
$CV1,224,7640,1,0,-223.0,-126.3,759.2,-2.110094,2.175451,0.441614*09
$CV1,225,7674,1,0,-224.5,-133.0,795.2,-2.060785,2.174263,0.226826*05
$CV1,226,7721,1,0,-214.6,-130.1,773.5,-2.093114,2.185216,0.342962*06
$CV1,227,7753,1,0,-205.3,-127.4,779.6,-2.044831,2.137186,0.362818*04
$CV1,228,7785,1,0,-198.7,-133.2,796.3,-2.125781,2.207973,0.233883*03
$CV1,229,7817,1,0,-202.6,-135.0,801.9,-2.138804,2.214606,0.197070*00
$CV1,230,7849,1,0,-188.6,-143.0,798.8,-1.901506,2.034306,0.282952*08
$CV1,231,7881,1,0,-168.2,-138.5,777.3,-2.094199,2.089564,0.511872*0A
$CV1,232,7912,1,0,-164.8,-139.9,799.1,-2.076769,2.122913,0.335769*07
$CV1,233,7945,0,-1,0.0,0.0,0.0,0.000000,0.000000,0.000000*05
$CV1,234,7977,1,0,-133.8,-135.4,796.5,2.204675,-2.154100,-0.275331*2B
$CV1,235,8009,1,0,-144.3,-134.7,805.1,2.209662,-2.179989,0.077212*0D
$CV1,236,8041,1,0,-157.2,-137.7,793.2,2.179596,-2.197085,-0.134006*24
$CV1,237,8072,0,-1,0.0,0.0,0.0,0.000000,0.000000,0.000000*03
$CV1,238,8121,1,0,-186.2,-129.2,803.2,-2.190838,2.209931,0.115583*07
$CV1,239,8152,1,0,-193.6,-158.2,855.1,-2.078091,2.244868,-0.247366*28
$CV1,240,8185,1,0,-164.4,-140.2,752.9,2.174239,-2.180397,-0.568906*24
$CV1,241,8217,0,-1,0.0,0.0,0.0,0.000000,0.000000,0.000000*03
$CV1,242,8249,1,0,-162.3,-128.2,802.4,-2.216299,2.209019,0.272200*0B
$CV1,243,8281,1,0,-167.7,-125.3,779.2,2.132464,-2.147727,-0.020076*2F
$CV1,244,8313,1,0,-187.4,-131.3,816.0,-2.149283,2.186177,0.154201*0E
$CV1,245,8344,0,-1,0.0,0.0,0.0,0.000000,0.000000,0.000000*00
$CV1,246,8377,1,0,-190.3,-149.8,796.0,-2.126818,2.195602,0.358594*0F
$CV1,247,8408,0,-1,0.0,0.0,0.0,0.000000,0.000000,0.000000*0D
$CV1,248,8441,1,0,-172.9,-124.8,814.6,-2.222244,2.186726,0.233392*00
$CV1,249,8474,0,-1,0.0,0.0,0.0,0.000000,0.000000,0.000000*08
$CV1,250,8520,1,0,-188.9,-150.1,806.8,-2.160916,2.222720,0.250323*00
$CV1,251,8552,1,0,-180.9,-143.8,781.9,-2.162980,2.174043,0.429342*06
$CV1,252,8586,1,0,-188.5,-145.0,835.1,-2.178511,2.213679,0.384184*04
$CV1,253,8617,1,0,-178.2,-137.7,806.0,-2.182270,2.188720,0.251299*0A
$CV1,254,8649,1,0,-178.4,-134.4,775.1,2.116434,-2.159454,-0.131729*2B
$CV1,255,8683,1,0,-192.9,-131.4,793.7,-2.200351,2.234217,0.133200*06
$CV1,256,8714,0,-1,0.0,0.0,0.0,0.000000,0.000000,0.000000*03
$CV1,257,8745,0,-1,0.0,0.0,0.0,0.000000,0.000000,0.000000*06
$CV1,258,8776,0,-1,0.0,0.0,0.0,0.000000,0.000000,0.000000*09
$CV1,259,8809,0,-1,0.0,0.0,0.0,0.000000,0.000000,0.000000*0F
$CV1,260,8841,1,0,-171.1,-141.2,760.5,2.152558,-2.133122,-0.300961*23
$CV1,261,8873,1,0,-183.8,-142.4,783.5,2.158170,-2.218182,-0.140436*22
$CV1,262,8920,0,-1,0.0,0.0,0.0,0.000000,0.000000,0.000000*0D
$CV1,263,8952,0,-1,0.0,0.0,0.0,0.000000,0.000000,0.000000*09
$CV1,264,8984,0,-1,0.0,0.0,0.0,0.000000,0.000000,0.000000*05
$CV1,265,9016,0,-1,0.0,0.0,0.0,0.000000,0.000000,0.000000*07
$CV1,266,9049,1,0,-179.5,-153.1,762.8,-2.189597,2.183051,0.491638*0D
$CV1,267,9080,1,0,-173.5,-145.0,754.7,2.141466,-2.180266,-0.411481*24
$CV1,268,9112,0,-1,0.0,0.0,0.0,0.000000,0.000000,0.000000*0F
$CV1,269,9145,1,0,-183.6,-109.0,800.0,-2.197021,2.197694,0.277985*0E
$CV1,270,9176,0,-1,0.0,0.0,0.0,0.000000,0.000000,0.000000*04
$CV1,271,9209,1,0,-210.5,-155.7,801.9,-2.100889,2.242806,0.211924*01
$CV1,272,9241,0,-1,0.0,0.0,0.0,0.000000,0.000000,0.000000*01
$CV1,273,9289,1,0,-177.5,-138.7,771.8,-2.119591,2.120825,0.473166*0D
$CV1,274,9321,1,0,-173.0,-131.3,761.7,2.151170,-2.178398,-0.376172*26
$CV1,275,9353,1,0,-178.9,-129.2,784.9,2.164987,-2.214253,-0.273615*26
$CV1,276,9385,0,-1,0.0,0.0,0.0,0.000000,0.000000,0.000000*0C
$CV1,277,9417,0,-1,0.0,0.0,0.0,0.000000,0.000000,0.000000*01
$CV1,278,9448,0,-1,0.0,0.0,0.0,0.000000,0.000000,0.000000*04
$CV1,279,9480,0,-1,0.0,0.0,0.0,0.000000,0.000000,0.000000*01
$CV1,280,9514,1,0,-181.2,-107.0,751.1,-2.166143,2.135491,0.575168*01
$CV1,281,9546,1,0,-183.6,-112.2,795.1,-2.190141,2.231286,0.243973*03
$CV1,282,9577,1,0,-186.2,-110.1,792.9,2.201155,-2.214424,-0.289737*2F
$CV1,283,9608,0,-1,0.0,0.0,0.0,0.000000,0.000000,0.000000*06
$CV1,284,9641,0,-1,0.0,0.0,0.0,0.000000,0.000000,0.000000*0C
$CV1,285,9688,0,-1,0.0,0.0,0.0,0.000000,0.000000,0.000000*08
$CV1,286,9721,1,0,-150.8,-111.4,811.7,-2.222636,2.102685,0.244334*00
$CV1,287,9754,1,0,-148.6,-121.2,801.6,-2.184985,2.152061,0.335367*01
$CV1,288,9784,0,-1,0.0,0.0,0.0,0.000000,0.000000,0.000000*08
$CV1,289,9816,0,-1,0.0,0.0,0.0,0.000000,0.000000,0.000000*0D
$CV1,290,9849,0,-1,0.0,0.0,0.0,0.000000,0.000000,0.000000*0F
$CV1,291,9881,0,-1,0.0,0.0,0.0,0.000000,0.000000,0.000000*0A
$CV1,292,9914,0,-1,0.0,0.0,0.0,0.000000,0.000000,0.000000*04
$CV1,293,9945,0,-1,0.0,0.0,0.0,0.000000,0.000000,0.000000*01
$CV1,294,9976,0,-1,0.0,0.0,0.0,0.000000,0.000000,0.000000*06
$CV1,295,10008,0,-1,0.0,0.0,0.0,0.000000,0.000000,0.000000*3F
$CV1,296,10040,0,-1,0.0,0.0,0.0,0.000000,0.000000,0.000000*30
$CV1,297,10088,0,-1,0.0,0.0,0.0,0.000000,0.000000,0.000000*35
$CV1,298,10120,0,-1,0.0,0.0,0.0,0.000000,0.000000,0.000000*39
$CV1,299,10152,0,-1,0.0,0.0,0.0,0.000000,0.000000,0.000000*3D
$CV1,300,10184,0,-1,0.0,0.0,0.0,0.000000,0.000000,0.000000*37
$CV1,301,10216,0,-1,0.0,0.0,0.0,0.000000,0.000000,0.000000*3E
$CV1,302,10249,1,0,-146.0,-135.6,809.3,-2.222785,2.136989,0.190513*3C
$CV1,303,10281,0,-1,0.0,0.0,0.0,0.000000,0.000000,0.000000*32
$CV1,304,10313,1,0,-146.3,-164.8,803.7,-2.222076,2.136458,0.249763*3B
$CV1,305,10345,1,0,-145.6,-176.7,813.5,-2.159508,2.118054,0.203075*39
$CV1,306,10378,1,0,-137.2,-177.6,786.6,-2.191821,2.120973,0.309175*3A
$CV1,307,10409,1,0,-136.1,-173.3,768.9,2.242771,-2.150995,-0.327559*15
$CV1,308,10457,1,0,-132.9,-153.7,716.5,2.100515,-1.991124,-0.429709*11
$CV1,309,10490,0,-1,0.0,0.0,0.0,0.000000,0.000000,0.000000*3E
$CV1,310,10520,0,-1,0.0,0.0,0.0,0.000000,0.000000,0.000000*3C
$CV1,311,10552,0,-1,0.0,0.0,0.0,0.000000,0.000000,0.000000*38
$CV1,312,10584,0,-1,0.0,0.0,0.0,0.000000,0.000000,0.000000*30
$CV1,313,10617,0,-1,0.0,0.0,0.0,0.000000,0.000000,0.000000*38
$CV1,314,10649,0,-1,0.0,0.0,0.0,0.000000,0.000000,0.000000*34
$CV1,315,10681,0,-1,0.0,0.0,0.0,0.000000,0.000000,0.000000*31
$CV1,316,10713,0,-1,0.0,0.0,0.0,0.000000,0.000000,0.000000*38
$CV1,317,10744,0,-1,0.0,0.0,0.0,0.000000,0.000000,0.000000*3B
$CV1,318,10777,1,0,-128.2,-158.0,799.2,-2.253585,2.152509,0.219721*3C
$CV1,319,10809,1,0,-124.3,-171.6,795.1,2.248640,-2.175893,-0.206612*1D
$CV1,320,10858,1,0,-124.3,-180.7,789.4,-2.029818,1.997212,0.310414*39
$CV1,321,10888,0,-1,0.0,0.0,0.0,0.000000,0.000000,0.000000*31
$CV1,322,10921,0,-1,0.0,0.0,0.0,0.000000,0.000000,0.000000*30
$CV1,323,10953,0,-1,0.0,0.0,0.0,0.000000,0.000000,0.000000*34
$CV1,324,10985,0,-1,0.0,0.0,0.0,0.000000,0.000000,0.000000*38
$CV1,325,11016,0,-1,0.0,0.0,0.0,0.000000,0.000000,0.000000*3B
$CV1,326,11049,0,-1,0.0,0.0,0.0,0.000000,0.000000,0.000000*32
$CV1,327,11080,0,-1,0.0,0.0,0.0,0.000000,0.000000,0.000000*36
$CV1,328,11113,0,-1,0.0,0.0,0.0,0.000000,0.000000,0.000000*32
$CV1,329,11145,1,0,-164.8,-166.3,760.0,2.127452,-2.147877,-0.269035*13
$CV1,330,11176,0,-1,0.0,0.0,0.0,0.000000,0.000000,0.000000*38
$CV1,331,11209,1,0,-199.0,-153.1,781.4,-2.168629,2.234900,0.262561*35
$CV1,332,11256,0,-1,0.0,0.0,0.0,0.000000,0.000000,0.000000*3B
$CV1,333,11290,1,0,-217.4,-136.2,759.0,2.125693,-2.186894,0.021897*38
$CV1,334,11321,1,0,-224.7,-137.8,772.9,-2.063386,2.149378,0.335618*3B
$CV1,335,11354,1,0,-212.6,-131.3,763.1,-2.145204,2.138322,0.398473*36
$CV1,336,11386,1,0,-219.1,-142.9,809.0,-2.085301,2.187153,0.070733*31
$CV1,337,11417,0,-1,0.0,0.0,0.0,0.000000,0.000000,0.000000*3D
$CV1,338,11449,1,0,-187.2,-141.8,781.4,-2.158787,2.143984,0.302020*37
$CV1,339,11480,0,-1,0.0,0.0,0.0,0.000000,0.000000,0.000000*3D
$CV1,340,11512,0,-1,0.0,0.0,0.0,0.000000,0.000000,0.000000*39
$CV1,341,11545,1,0,-142.6,-153.8,778.0,-2.141091,2.063037,0.443399*31
$CV1,342,11578,1,0,-142.5,-164.3,815.8,-2.129356,2.106113,0.145295*31
$CV1,343,11610,1,0,-137.8,-158.2,770.1,2.183058,-2.112447,-0.143504*11
$CV1,344,11657,0,-1,0.0,0.0,0.0,0.000000,0.000000,0.000000*3F
$CV1,345,11688,0,-1,0.0,0.0,0.0,0.000000,0.000000,0.000000*3C
$CV1,346,11720,0,-1,0.0,0.0,0.0,0.000000,0.000000,0.000000*3C
$CV1,347,11753,1,0,-210.3,-139.7,753.6,2.127770,-2.170821,-0.149594*12
$CV1,348,11785,1,0,-221.5,-141.0,778.2,-2.167748,2.232346,0.216892*38
$CV1,349,11817,1,0,-213.0,-142.6,778.8,-2.059368,2.122144,0.321502*3F
$CV1,350,11849,1,0,-197.4,-141.9,773.7,-1.987223,2.027454,0.353214*3D
$CV1,351,11882,0,-1,0.0,0.0,0.0,0.000000,0.000000,0.000000*3D
$CV1,352,11914,1,0,-167.8,-162.1,802.1,-2.060376,2.102297,0.179535*30
$CV1,353,11945,0,-1,0.0,0.0,0.0,0.000000,0.000000,0.000000*35
$CV1,354,11977,0,-1,0.0,0.0,0.0,0.000000,0.000000,0.000000*33
$CV1,355,12025,1,0,-92.1,-164.2,755.9,2.226213,-2.054407,-0.102288*22
$CV1,356,12056,0,-1,0.0,0.0,0.0,0.000000,0.000000,0.000000*38
$CV1,357,12089,1,0,-123.2,-173.9,766.1,-2.243519,2.150433,0.131029*33
$CV1,358,12120,0,-1,0.0,0.0,0.0,0.000000,0.000000,0.000000*36
$CV1,359,12152,0,-1,0.0,0.0,0.0,0.000000,0.000000,0.000000*32
$CV1,360,12185,0,-1,0.0,0.0,0.0,0.000000,0.000000,0.000000*32
$CV1,361,12217,1,0,-239.0,-153.8,786.3,-2.120819,2.219994,0.101373*3C
$CV1,362,12251,1,0,-215.2,-149.8,755.9,-2.120196,2.087911,0.411189*3B
$CV1,363,12282,1,0,-210.0,-144.5,750.1,-2.215687,2.180704,0.347431*32
$CV1,364,12313,0,-1,0.0,0.0,0.0,0.000000,0.000000,0.000000*3B
$CV1,365,12345,0,-1,0.0,0.0,0.0,0.000000,0.000000,0.000000*39
$CV1,366,12377,0,-1,0.0,0.0,0.0,0.000000,0.000000,0.000000*3B
$CV1,367,12425,1,0,-153.8,-161.2,799.8,-2.192277,2.134414,0.135695*3C
$CV1,368,12458,1,0,-143.8,-165.4,779.0,-2.237138,2.141613,0.315427*34
$CV1,369,12489,0,-1,0.0,0.0,0.0,0.000000,0.000000,0.000000*32
$CV1,370,12521,0,-1,0.0,0.0,0.0,0.000000,0.000000,0.000000*39
$CV1,371,12553,0,-1,0.0,0.0,0.0,0.000000,0.000000,0.000000*3D
$CV1,372,12584,0,-1,0.0,0.0,0.0,0.000000,0.000000,0.000000*34
$CV1,373,12617,1,0,-140.2,-157.6,774.0,-2.088644,1.995221,0.320638*37
$CV1,374,12649,1,0,-152.4,-172.4,802.3,-2.204771,2.157003,0.024929*38
$CV1,375,12682,1,0,-144.8,-161.6,731.6,2.209993,-2.114101,-0.418357*11
$CV1,376,12712,0,-1,0.0,0.0,0.0,0.000000,0.000000,0.000000*3D
$CV1,377,12745,0,-1,0.0,0.0,0.0,0.000000,0.000000,0.000000*3E
$CV1,378,12776,0,-1,0.0,0.0,0.0,0.000000,0.000000,0.000000*31
$CV1,379,12826,0,-1,0.0,0.0,0.0,0.000000,0.000000,0.000000*3A
$CV1,380,12858,1,0,-141.2,-170.8,795.0,-2.196305,2.181799,0.169229*36
$CV1,381,12888,0,-1,0.0,0.0,0.0,0.000000,0.000000,0.000000*39
$CV1,382,12921,0,-1,0.0,0.0,0.0,0.000000,0.000000,0.000000*38
$CV1,383,12953,1,0,-144.0,-174.8,777.1,2.204824,-2.145896,-0.150301*15
$CV1,384,12985,1,0,-152.2,-178.9,775.1,2.212224,-2.133172,-0.077218*11
$CV1,385,13018,1,0,-158.9,-180.1,766.5,-2.221448,2.181556,0.294056*39
$CV1,386,13050,1,0,-156.9,-175.5,757.2,2.234027,-2.166287,-0.237857*15
$CV1,387,13083,1,0,-162.5,-177.3,765.6,2.239517,-2.194099,-0.195772*18
$CV1,388,13114,1,0,-160.8,-181.6,774.3,-2.173099,2.139834,0.241099*3D
$CV1,389,13145,0,-1,0.0,0.0,0.0,0.000000,0.000000,0.000000*38
$CV1,390,13192,0,-1,0.0,0.0,0.0,0.000000,0.000000,0.000000*3A
$CV1,391,13224,0,-1,0.0,0.0,0.0,0.000000,0.000000,0.000000*35
$CV1,392,13256,0,-1,0.0,0.0,0.0,0.000000,0.000000,0.000000*33
$CV1,393,13289,0,-1,0.0,0.0,0.0,0.000000,0.000000,0.000000*30
$CV1,394,13321,0,-1,0.0,0.0,0.0,0.000000,0.000000,0.000000*34
$CV1,395,13353,0,-1,0.0,0.0,0.0,0.000000,0.000000,0.000000*30
$CV1,396,13386,0,-1,0.0,0.0,0.0,0.000000,0.000000,0.000000*3B
$CV1,397,13417,0,-1,0.0,0.0,0.0,0.000000,0.000000,0.000000*35
$CV1,398,13449,0,-1,0.0,0.0,0.0,0.000000,0.000000,0.000000*31
$CV1,399,13481,0,-1,0.0,0.0,0.0,0.000000,0.000000,0.000000*34
$CV1,400,13513,0,-1,0.0,0.0,0.0,0.000000,0.000000,0.000000*39
$CV1,401,13545,0,-1,0.0,0.0,0.0,0.000000,0.000000,0.000000*3B
$CV1,402,13593,0,-1,0.0,0.0,0.0,0.000000,0.000000,0.000000*33
$CV1,403,13624,0,-1,0.0,0.0,0.0,0.000000,0.000000,0.000000*3D
$CV1,404,13655,0,-1,0.0,0.0,0.0,0.000000,0.000000,0.000000*3C
$CV1,405,13689,0,-1,0.0,0.0,0.0,0.000000,0.000000,0.000000*3C
$CV1,406,13720,0,-1,0.0,0.0,0.0,0.000000,0.000000,0.000000*3D
$CV1,407,13752,0,-1,0.0,0.0,0.0,0.000000,0.000000,0.000000*39
$CV1,408,13784,0,-1,0.0,0.0,0.0,0.000000,0.000000,0.000000*3D
$CV1,409,13817,0,-1,0.0,0.0,0.0,0.000000,0.000000,0.000000*39
$CV1,410,13849,0,-1,0.0,0.0,0.0,0.000000,0.000000,0.000000*3A
$CV1,411,13880,0,-1,0.0,0.0,0.0,0.000000,0.000000,0.000000*3E
$CV1,412,13912,0,-1,0.0,0.0,0.0,0.000000,0.000000,0.000000*37
$CV1,413,13944,0,-1,0.0,0.0,0.0,0.000000,0.000000,0.000000*35
$CV1,414,13992,0,-1,0.0,0.0,0.0,0.000000,0.000000,0.000000*39
$CV1,415,14023,0,-1,0.0,0.0,0.0,0.000000,0.000000,0.000000*3C
$CV1,416,14056,0,-1,0.0,0.0,0.0,0.000000,0.000000,0.000000*3D
$CV1,417,14089,0,-1,0.0,0.0,0.0,0.000000,0.000000,0.000000*3E
$CV1,418,14120,1,0,-166.2,-156.0,763.3,-2.347252,2.007417,-0.024918*18
$CV1,419,14152,0,-1,0.0,0.0,0.0,0.000000,0.000000,0.000000*37
$CV1,420,14184,0,-1,0.0,0.0,0.0,0.000000,0.000000,0.000000*36
$CV1,421,14218,1,0,-170.8,-150.5,721.8,-2.315466,2.030988,0.138142*36
$CV1,422,14248,0,-1,0.0,0.0,0.0,0.000000,0.000000,0.000000*37
$CV1,423,14281,0,-1,0.0,0.0,0.0,0.000000,0.000000,0.000000*33
$CV1,424,14314,0,-1,0.0,0.0,0.0,0.000000,0.000000,0.000000*39
$CV1,425,14345,0,-1,0.0,0.0,0.0,0.000000,0.000000,0.000000*3C
$CV1,426,14393,0,-1,0.0,0.0,0.0,0.000000,0.000000,0.000000*34
$CV1,427,14425,0,-1,0.0,0.0,0.0,0.000000,0.000000,0.000000*3F
$CV1,428,14456,0,-1,0.0,0.0,0.0,0.000000,0.000000,0.000000*34
$CV1,429,14489,0,-1,0.0,0.0,0.0,0.000000,0.000000,0.000000*37
$CV1,430,14521,0,-1,0.0,0.0,0.0,0.000000,0.000000,0.000000*3C
$CV1,431,14552,0,-1,0.0,0.0,0.0,0.000000,0.000000,0.000000*39
$CV1,432,14585,0,-1,0.0,0.0,0.0,0.000000,0.000000,0.000000*30
$CV1,433,14617,0,-1,0.0,0.0,0.0,0.000000,0.000000,0.000000*39
$CV1,434,14649,0,-1,0.0,0.0,0.0,0.000000,0.000000,0.000000*35
$CV1,435,14681,0,-1,0.0,0.0,0.0,0.000000,0.000000,0.000000*30
$CV1,436,14713,0,-1,0.0,0.0,0.0,0.000000,0.000000,0.000000*39
$CV1,437,14760,0,-1,0.0,0.0,0.0,0.000000,0.000000,0.000000*3C
$CV1,438,14793,0,-1,0.0,0.0,0.0,0.000000,0.000000,0.000000*3F
$CV1,439,14826,0,-1,0.0,0.0,0.0,0.000000,0.000000,0.000000*3F
$CV1,440,14857,0,-1,0.0,0.0,0.0,0.000000,0.000000,0.000000*37
$CV1,441,14889,0,-1,0.0,0.0,0.0,0.000000,0.000000,0.000000*35
$CV1,442,14921,0,-1,0.0,0.0,0.0,0.000000,0.000000,0.000000*35
$CV1,443,14953,0,-1,0.0,0.0,0.0,0.000000,0.000000,0.000000*31
$CV1,444,14985,0,-1,0.0,0.0,0.0,0.000000,0.000000,0.000000*3D
$CV1,445,15017,0,-1,0.0,0.0,0.0,0.000000,0.000000,0.000000*3F
$CV1,446,15049,0,-1,0.0,0.0,0.0,0.000000,0.000000,0.000000*37
$CV1,447,15081,0,-1,0.0,0.0,0.0,0.000000,0.000000,0.000000*32
$CV1,448,15113,0,-1,0.0,0.0,0.0,0.000000,0.000000,0.000000*37
$CV1,449,15160,0,-1,0.0,0.0,0.0,0.000000,0.000000,0.000000*32
$CV1,450,15192,0,-1,0.0,0.0,0.0,0.000000,0.000000,0.000000*37
$CV1,451,15225,0,-1,0.0,0.0,0.0,0.000000,0.000000,0.000000*39
$CV1,452,15257,0,-1,0.0,0.0,0.0,0.000000,0.000000,0.000000*3F
$CV1,453,15289,0,-1,0.0,0.0,0.0,0.000000,0.000000,0.000000*3D
$CV1,454,15320,0,-1,0.0,0.0,0.0,0.000000,0.000000,0.000000*38
$CV1,455,15353,0,-1,0.0,0.0,0.0,0.000000,0.000000,0.000000*3D
$CV1,456,15385,0,-1,0.0,0.0,0.0,0.000000,0.000000,0.000000*35
$CV1,457,15416,0,-1,0.0,0.0,0.0,0.000000,0.000000,0.000000*39
$CV1,458,15449,0,-1,0.0,0.0,0.0,0.000000,0.000000,0.000000*3C
$CV1,459,15482,0,-1,0.0,0.0,0.0,0.000000,0.000000,0.000000*3A
$CV1,460,15514,0,-1,0.0,0.0,0.0,0.000000,0.000000,0.000000*3E
$CV1,461,15561,0,-1,0.0,0.0,0.0,0.000000,0.000000,0.000000*3D
$CV1,462,15593,0,-1,0.0,0.0,0.0,0.000000,0.000000,0.000000*33
$CV1,463,15625,0,-1,0.0,0.0,0.0,0.000000,0.000000,0.000000*3C
$CV1,464,15658,0,-1,0.0,0.0,0.0,0.000000,0.000000,0.000000*31
$CV1,465,15690,0,-1,0.0,0.0,0.0,0.000000,0.000000,0.000000*34
$CV1,466,15721,0,-1,0.0,0.0,0.0,0.000000,0.000000,0.000000*3C
$CV1,467,15753,0,-1,0.0,0.0,0.0,0.000000,0.000000,0.000000*38
$CV1,468,15786,0,-1,0.0,0.0,0.0,0.000000,0.000000,0.000000*3F
$CV1,469,15818,0,-1,0.0,0.0,0.0,0.000000,0.000000,0.000000*36
$CV1,470,15849,0,-1,0.0,0.0,0.0,0.000000,0.000000,0.000000*3A
$CV1,471,15881,0,-1,0.0,0.0,0.0,0.000000,0.000000,0.000000*3F
$CV1,472,15912,0,-1,0.0,0.0,0.0,0.000000,0.000000,0.000000*37
$CV1,473,15961,0,-1,0.0,0.0,0.0,0.000000,0.000000,0.000000*32
$CV1,474,15992,0,-1,0.0,0.0,0.0,0.000000,0.000000,0.000000*39
$CV1,475,16025,0,-1,0.0,0.0,0.0,0.000000,0.000000,0.000000*3E
$CV1,476,16058,0,-1,0.0,0.0,0.0,0.000000,0.000000,0.000000*37
$CV1,477,16089,0,-1,0.0,0.0,0.0,0.000000,0.000000,0.000000*3A
$CV1,478,16121,0,-1,0.0,0.0,0.0,0.000000,0.000000,0.000000*36
$CV1,479,16153,0,-1,0.0,0.0,0.0,0.000000,0.000000,0.000000*32
$CV1,480,16186,0,-1,0.0,0.0,0.0,0.000000,0.000000,0.000000*3C
$CV1,481,16217,0,-1,0.0,0.0,0.0,0.000000,0.000000,0.000000*36
$CV1,482,16249,0,-1,0.0,0.0,0.0,0.000000,0.000000,0.000000*3E
$CV1,483,16281,0,-1,0.0,0.0,0.0,0.000000,0.000000,0.000000*3B
$CV1,484,16328,0,-1,0.0,0.0,0.0,0.000000,0.000000,0.000000*3E
$CV1,485,16361,0,-1,0.0,0.0,0.0,0.000000,0.000000,0.000000*32
$CV1,486,16392,0,-1,0.0,0.0,0.0,0.000000,0.000000,0.000000*3D
$CV1,487,16425,0,-1,0.0,0.0,0.0,0.000000,0.000000,0.000000*37
$CV1,488,16457,0,-1,0.0,0.0,0.0,0.000000,0.000000,0.000000*3D
$CV1,489,16489,0,-1,0.0,0.0,0.0,0.000000,0.000000,0.000000*3F
$CV1,490,16522,0,-1,0.0,0.0,0.0,0.000000,0.000000,0.000000*37
$CV1,491,16553,0,-1,0.0,0.0,0.0,0.000000,0.000000,0.000000*30
$CV1,492,16585,0,-1,0.0,0.0,0.0,0.000000,0.000000,0.000000*38
$CV1,493,16618,0,-1,0.0,0.0,0.0,0.000000,0.000000,0.000000*3E
$CV1,494,16650,0,-1,0.0,0.0,0.0,0.000000,0.000000,0.000000*35
$CV1,495,16680,0,-1,0.0,0.0,0.0,0.000000,0.000000,0.000000*39
$CV1,496,16729,0,-1,0.0,0.0,0.0,0.000000,0.000000,0.000000*38
$CV1,497,16761,0,-1,0.0,0.0,0.0,0.000000,0.000000,0.000000*35
$CV1,498,16793,0,-1,0.0,0.0,0.0,0.000000,0.000000,0.000000*37
$CV1,499,16825,0,-1,0.0,0.0,0.0,0.000000,0.000000,0.000000*34
$CV1,500,16857,0,-1,0.0,0.0,0.0,0.000000,0.000000,0.000000*30
$CV1,501,16889,0,-1,0.0,0.0,0.0,0.000000,0.000000,0.000000*32
$CV1,502,16921,0,-1,0.0,0.0,0.0,0.000000,0.000000,0.000000*32
$CV1,503,16953,0,-1,0.0,0.0,0.0,0.000000,0.000000,0.000000*36
$CV1,504,16985,0,-1,0.0,0.0,0.0,0.000000,0.000000,0.000000*3A
$CV1,505,17016,0,-1,0.0,0.0,0.0,0.000000,0.000000,0.000000*39
$CV1,506,17049,1,0,-101.0,-117.9,596.9,-2.160818,2.160334,0.650111*3A
$CV1,507,17081,1,0,-92.3,-104.6,583.5,-2.151875,2.192369,0.630856*02
$CV1,508,17130,1,0,-85.3,-91.1,575.0,2.112488,-2.230175,-0.593619*19
$CV1,509,17162,1,0,-79.7,-82.4,573.6,-2.097276,2.246012,0.524877*32
$CV1,510,17194,1,0,-79.1,-84.4,588.4,-2.052202,2.288383,0.169816*3C
$CV1,511,17225,0,-1,0.0,0.0,0.0,0.000000,0.000000,0.000000*3E
$CV1,512,17258,0,-1,0.0,0.0,0.0,0.000000,0.000000,0.000000*37
$CV1,513,17289,0,-1,0.0,0.0,0.0,0.000000,0.000000,0.000000*3A
$CV1,514,17322,0,-1,0.0,0.0,0.0,0.000000,0.000000,0.000000*3D
$CV1,515,17354,0,-1,0.0,0.0,0.0,0.000000,0.000000,0.000000*3D
$CV1,516,17387,0,-1,0.0,0.0,0.0,0.000000,0.000000,0.000000*30
$CV1,517,17417,0,-1,0.0,0.0,0.0,0.000000,0.000000,0.000000*3F
$CV1,518,17449,0,-1,0.0,0.0,0.0,0.000000,0.000000,0.000000*3B
$CV1,519,17498,0,-1,0.0,0.0,0.0,0.000000,0.000000,0.000000*36
$CV1,520,17529,0,-1,0.0,0.0,0.0,0.000000,0.000000,0.000000*37
$CV1,521,17561,0,-1,0.0,0.0,0.0,0.000000,0.000000,0.000000*3A
$CV1,522,17593,0,-1,0.0,0.0,0.0,0.000000,0.000000,0.000000*34
$CV1,523,17625,0,-1,0.0,0.0,0.0,0.000000,0.000000,0.000000*3B
$CV1,524,17658,0,-1,0.0,0.0,0.0,0.000000,0.000000,0.000000*36
$CV1,525,17689,0,-1,0.0,0.0,0.0,0.000000,0.000000,0.000000*3B
$CV1,526,17721,0,-1,0.0,0.0,0.0,0.000000,0.000000,0.000000*3B
$CV1,527,17752,0,-1,0.0,0.0,0.0,0.000000,0.000000,0.000000*3E
$CV1,528,17784,0,-1,0.0,0.0,0.0,0.000000,0.000000,0.000000*3A
$CV1,529,17816,0,-1,0.0,0.0,0.0,0.000000,0.000000,0.000000*3F
$CV1,530,17848,0,-1,0.0,0.0,0.0,0.000000,0.000000,0.000000*3C
$CV1,531,17897,0,-1,0.0,0.0,0.0,0.000000,0.000000,0.000000*3F
$CV1,532,17930,0,-1,0.0,0.0,0.0,0.000000,0.000000,0.000000*30
$CV1,533,17961,0,-1,0.0,0.0,0.0,0.000000,0.000000,0.000000*35
$CV1,534,17992,0,-1,0.0,0.0,0.0,0.000000,0.000000,0.000000*3E
$CV1,535,18025,0,-1,0.0,0.0,0.0,0.000000,0.000000,0.000000*35
$CV1,536,18058,0,-1,0.0,0.0,0.0,0.000000,0.000000,0.000000*3C
$CV1,537,18089,0,-1,0.0,0.0,0.0,0.000000,0.000000,0.000000*31
$CV1,538,18121,0,-1,0.0,0.0,0.0,0.000000,0.000000,0.000000*3D
$CV1,539,18153,0,-1,0.0,0.0,0.0,0.000000,0.000000,0.000000*39
$CV1,540,18185,0,-1,0.0,0.0,0.0,0.000000,0.000000,0.000000*3C
$CV1,541,18217,0,-1,0.0,0.0,0.0,0.000000,0.000000,0.000000*35
$CV1,542,18249,0,-1,0.0,0.0,0.0,0.000000,0.000000,0.000000*3D
$CV1,543,18297,0,-1,0.0,0.0,0.0,0.000000,0.000000,0.000000*3F
$CV1,544,18331,0,-1,0.0,0.0,0.0,0.000000,0.000000,0.000000*35
$CV1,545,18363,0,-1,0.0,0.0,0.0,0.000000,0.000000,0.000000*33
$CV1,546,18393,0,-1,0.0,0.0,0.0,0.000000,0.000000,0.000000*3F
$CV1,547,18427,0,-1,0.0,0.0,0.0,0.000000,0.000000,0.000000*36
$CV1,548,18459,0,-1,0.0,0.0,0.0,0.000000,0.000000,0.000000*30
$CV1,549,18490,0,-1,0.0,0.0,0.0,0.000000,0.000000,0.000000*34
$CV1,550,18522,0,-1,0.0,0.0,0.0,0.000000,0.000000,0.000000*34
$CV1,551,18554,0,-1,0.0,0.0,0.0,0.000000,0.000000,0.000000*34
$CV1,552,18585,0,-1,0.0,0.0,0.0,0.000000,0.000000,0.000000*3B
$CV1,553,18617,0,-1,0.0,0.0,0.0,0.000000,0.000000,0.000000*32
$CV1,554,18650,0,-1,0.0,0.0,0.0,0.000000,0.000000,0.000000*36
$CV1,555,18698,0,-1,0.0,0.0,0.0,0.000000,0.000000,0.000000*33
$CV1,556,18729,0,-1,0.0,0.0,0.0,0.000000,0.000000,0.000000*3B
$CV1,557,18761,0,-1,0.0,0.0,0.0,0.000000,0.000000,0.000000*36
$CV1,558,18794,0,-1,0.0,0.0,0.0,0.000000,0.000000,0.000000*33
$CV1,559,18826,0,-1,0.0,0.0,0.0,0.000000,0.000000,0.000000*34
$CV1,560,18858,0,-1,0.0,0.0,0.0,0.000000,0.000000,0.000000*37
$CV1,561,18920,0,-1,0.0,0.0,0.0,0.000000,0.000000,0.000000*38
$CV1,562,18932,0,-1,0.0,0.0,0.0,0.000000,0.000000,0.000000*38
$CV1,563,18955,0,-1,0.0,0.0,0.0,0.000000,0.000000,0.000000*38
$CV1,564,18987,0,-1,0.0,0.0,0.0,0.000000,0.000000,0.000000*30
$CV1,565,19018,0,-1,0.0,0.0,0.0,0.000000,0.000000,0.000000*3F
$CV1,566,19065,0,-1,0.0,0.0,0.0,0.000000,0.000000,0.000000*36
$CV1,567,19097,0,-1,0.0,0.0,0.0,0.000000,0.000000,0.000000*3A
$CV1,568,19130,0,-1,0.0,0.0,0.0,0.000000,0.000000,0.000000*39
$CV1,569,19161,0,-1,0.0,0.0,0.0,0.000000,0.000000,0.000000*3C
$CV1,570,19193,0,-1,0.0,0.0,0.0,0.000000,0.000000,0.000000*39
$CV1,571,19225,0,-1,0.0,0.0,0.0,0.000000,0.000000,0.000000*36
$CV1,572,19258,0,-1,0.0,0.0,0.0,0.000000,0.000000,0.000000*3F
$CV1,573,19289,0,-1,0.0,0.0,0.0,0.000000,0.000000,0.000000*32
$CV1,574,19321,0,-1,0.0,0.0,0.0,0.000000,0.000000,0.000000*36
$CV1,575,19354,0,-1,0.0,0.0,0.0,0.000000,0.000000,0.000000*35
$CV1,576,19385,0,-1,0.0,0.0,0.0,0.000000,0.000000,0.000000*3A
$CV1,577,19417,0,-1,0.0,0.0,0.0,0.000000,0.000000,0.000000*37
